user_id,age,income,credit_score,employment_status,savings,created_at
196f5f24-c967-406f-8066-e5dea6b0de55,68,169436.78,306,self_employed,408209.53,2026-04-29T20:40:07
f1004664-5ce4-4a7b-95bb-200f30e78923,26,288837.58,341,employed,873970.1,2026-01-30T13:47:29
b664c5d8-8983-4e7a-89ce-91adf13d5cca,42,328426.43,330,self_employed,599812.71,2026-04-08T15:23:19
688e4dbe-ba35-4122-8cfc-d8ec7dae2ef9,54,440431.8,481,employed,327910.29,2026-03-28T13:31:50
5839569d-9029-4768-9d4c-82c9da2c8390,54,233949.57,620,employed,112354.93,2026-04-20T20:09:12
562a5b60-ba93-4ab3-b4f2-bebe8e72fa25,58,310850.51,530,self_employed,453635.65,2026-01-11T15:46:19
e602b300-7613-47ae-bf51-b9f67779ad96,30,371094.58,818,employed,682940.89,2026-01-11T10:13:34
b03717a5-b7d0-46ce-9a8a-34dec4799e19,49,290477.21,424,unemployed,113756.13,2026-02-20T09:20:30
d8303cc2-001d-454e-82fd-517ad41487e0,37,455260.84,670,self_employed,716267.73,2026-06-18T05:41:07
e7874b1a-a5ef-43fb-97e6-22d8523516fa,60,223443.53,576,self_employed,191708.42,2026-02-23T22:23:34
23c1eef5-220c-4252-a3f1-8a9a5d310c6b,31,67792.82,325,self_employed,852744.51,2026-04-10T15:28:57
49645152-67a7-48ff-abed-1f7cbcad71ec,26,164299.76,686,employed,233202.83,2026-05-24T03:49:00
da91fe51-56e5-4d26-a496-b33365615792,53,178905.18,607,employed,266449.77,2026-03-23T20:40:00
269f1fff-4c6a-4ade-a666-d8dfb8191e21,57,154440.11,593,self_employed,743108.97,2026-06-30T04:04:55
3ad528de-734a-4196-8740-9304f149d9de,34,357570.33,669,employed,731817.73,2026-04-28T19:46:46
ef6b5ec2-151a-4d05-8735-8663690cb175,68,132220.41,408,employed,973876.38,2026-03-09T18:37:01
5e7ea6fd-11f5-4030-a113-a7428c789c31,30,232645.51,715,self_employed,636726.97,2026-05-01T22:07:19
ff076df2-5997-43e2-91d0-c6c3c19e3b8b,49,145158.89,465,employed,578383.1,2026-05-25T12:38:39
8c1b9fe6-0202-473e-8f53-6366ce9b9bbd,43,93312.42,403,employed,924265.67,2026-06-01T12:13:03
77defd3e-4fec-4eb9-a66a-15786710102d,48,309878.29,784,employed,77373.82,2026-02-19T00:40:31
75abdee9-5fdc-4a04-bd34-e47743b6d47c,43,128120.75,832,unemployed,178101.92,2026-05-14T17:58:19
204dab3a-9ad2-4c65-a753-7d1d26e04fd1,45,435901.35,814,employed,802987.27,2026-06-17T01:01:30
9d20ae43-2d3c-4997-a0b2-6bf1d86d6ba5,29,247314.52,627,self_employed,904306.07,2026-01-28T15:34:34
2b1c0bde-8357-4aaf-975b-728b981747ca,38,335967.02,311,self_employed,437038.74,2026-01-12T18:47:34
df5bbfdd-fa9c-4e45-80e8-97722a3aad9c,61,265667.44,717,self_employed,46928.43,2026-04-30T04:59:37
51708b95-2e24-4375-9d99-b3915c41c1cc,41,97834.54,788,self_employed,183368.26,2026-06-01T00:16:33
e7820e48-c424-4d68-9c69-731aa96dc428,53,370751.68,801,self_employed,203746.8,2026-04-19T17:34:56
f31ccdee-be9b-47ba-b958-f3e39c5564dc,19,175976.02,637,self_employed,231818.7,2026-06-23T04:23:13
d15ecfa2-f5cd-4473-b395-5716ff69227c,64,34186.06,490,employed,825614.7,2026-04-24T15:44:50
56dacbc6-8b42-44c3-bb49-3046e8184050,65,361250.53,826,employed,280131.76,2026-04-03T10:19:00
c55e1364-5dda-4c19-9b1f-96ed109ba507,66,350785.08,549,self_employed,19093.38,2026-03-10T12:26:33
66fcb628-94f1-4596-8c9d-97f1128309b1,59,404118.84,846,self_employed,302793.76,2026-05-28T04:15:51
d1670ab1-1669-406a-8166-e3f6626a70ea,50,312454.46,463,employed,762485.68,2026-05-30T15:55:36
6fc10a47-d9ae-4774-95ef-f9be63ea4464,18,275699.55,473,employed,296519.64,2026-05-17T03:35:45
1e945283-d0ea-4cc5-adb0-6a6109dc1a17,29,144748.45,627,employed,22605.02,2026-02-28T10:30:32
d8849be9-7fcd-4707-b26a-f002648e5efb,60,148637.01,356,unemployed,693162.18,2026-06-11T04:17:46
6fe880de-f69f-4320-b040-9619f413d6c4,18,356941.66,363,self_employed,358080.04,2026-01-26T12:54:32
97b30ba3-529f-4391-8f22-9bb2bf34a4d4,48,26081.92,651,employed,464997.41,2026-03-24T01:55:09
aa54d72a-072b-480d-a199-d4d9d626a615,49,362374.3,650,employed,103235.73,2026-03-11T19:40:05
a77f9a69-a011-4efc-a057-95811a8116db,39,173679.9,795,employed,868157.34,2026-02-26T08:07:45
8dbc4b71-117b-4532-a5c4-571aeb30aeef,63,104694.69,426,unemployed,612295.43,2026-03-28T11:53:11
6c75cc18-8231-46dd-b780-534478d2d0ac,32,172456.94,779,unemployed,72458.47,2026-06-04T22:20:51
08682ee3-724e-40b3-9113-9952e4095b0b,65,214472.79,784,employed,574390.58,2026-06-19T02:54:34
7872ab35-1f35-499c-b6ee-9256786cbf9b,70,412009.86,315,unemployed,237406.02,2026-01-16T09:44:35
ede87042-7aaf-42db-8f6a-aa5200a95354,37,301485.74,694,unemployed,755818.08,2026-01-30T04:12:54
fa4d9c25-97df-40ed-b1e5-22d5435d4924,27,293466.21,740,employed,650581.64,2026-02-21T17:55:21
95f05629-e771-4189-91c9-5af77d9ffd1c,23,450155.17,532,self_employed,589470.88,2026-06-12T20:51:18
eef9403f-d5d2-46af-863a-0ebae9add62e,67,45851.86,543,employed,167757.82,2026-02-02T04:10:15
8d9eed00-3f32-47f7-827f-562cf2646260,49,257167.86,431,employed,239321.14,2026-03-11T15:57:36
f4a3eddd-93cc-414e-af8b-533b54dc1752,58,457287.74,538,unemployed,814495.63,2026-04-16T10:00:50
2e4a9d28-ec06-406a-a3c2-c5714e3e3d89,22,30957.39,370,unemployed,247810.58,2026-03-24T23:23:58
9a61c4cb-312c-414d-ab26-31a2090dacec,43,144386.41,616,unemployed,400822.61,2026-05-07T20:24:43
dbbda51c-fe1e-4d6e-95e1-0cd22680eb4d,68,209309.82,602,unemployed,517176.43,2026-04-30T15:06:52
0298c3cf-41d9-4102-bc18-e4fc086277ec,70,421754.48,597,self_employed,258722.1,2026-01-06T04:09:29
3c65750f-16c5-418e-a77a-93f0a48ca01c,20,244866.96,335,employed,574308.11,2026-04-28T15:32:11
f87b0ca2-73e0-432b-828c-3d51b7e32655,62,249564.89,691,employed,123879.52,2026-01-03T17:18:28
d6e14c2b-6654-447e-9565-0432c864e7af,60,160442.4,301,employed,790136.14,2026-05-19T16:45:34
f34354e6-7d2e-4f27-9c97-1fafcc4e207a,48,435499.9,308,unemployed,412326.9,2026-02-24T13:26:40
ae5f8d4f-8cb1-4b60-a83a-f0de172459a6,25,172316.97,403,self_employed,506012.39,2026-02-26T20:08:24
05c8d563-11ee-41f1-bf02-c7830fba9eff,30,242644.83,446,unemployed,855247.92,2026-02-27T04:24:23
65a6feff-ee7d-4cd5-ae9f-52828669ac3b,60,128812.47,788,unemployed,910243.09,2026-05-31T14:11:51
095d0c00-7430-4071-ac8c-b9f9e63b38ea,38,224547.16,816,self_employed,540772.27,2026-03-09T13:32:19
3075b6ba-7176-4b75-8697-752d308f0183,22,88407.48,679,employed,863990.29,2026-06-19T14:59:46
d4158c50-7d9b-4435-b948-e56d34a952e6,69,230221.54,486,self_employed,646982.32,2026-03-27T02:13:45
a402e592-9152-4c39-9fbd-727527ffe255,40,315783.86,580,unemployed,750032.61,2026-06-12T19:14:52
7ebbb71d-c9e5-4de3-a5a6-502a01310a33,25,176055.28,310,employed,449698.31,2026-02-16T04:32:36
00e6bc45-e23b-43fd-8fe3-277429b768c2,54,156345.91,580,employed,922704.05,2026-04-16T17:35:35
cb950724-c60c-4842-8cd6-701ad7312848,30,50346.04,556,unemployed,552035.25,2026-06-19T21:52:14
527bd887-0f05-48a2-bdb9-52bc456db830,63,44233.65,552,employed,889643.14,2026-05-27T00:04:35
10664717-4a2b-4993-80e0-88ea40a443c6,60,394546.52,360,employed,937037.01,2026-05-13T05:31:40
b67a5d03-0d94-4bc9-92fb-6e50d3ee3b6d,25,290991.02,728,self_employed,489116.52,2026-05-18T21:42:25
7a5c3fa8-f7f4-4b72-813c-68feae7696a3,20,301502.59,370,employed,297186.36,2026-05-22T22:12:45
24a9bf7a-c0e9-44be-a245-3c05118a8f75,54,183906.91,615,unemployed,788810.94,2026-04-08T08:58:00
9bd9702a-566f-4749-8791-789456184904,24,178750.2,781,employed,672873.33,2026-04-25T21:06:33
fe00c058-29ee-4930-a216-d7d30393c626,38,380152.25,652,unemployed,750981.95,2026-01-05T21:05:39
905185e1-d65e-4b50-acc0-9edb658acc1c,67,158091.51,554,employed,394858.48,2026-05-03T16:49:03
7a226308-bfea-4117-b620-dfb553465127,51,88107.57,649,unemployed,404191.76,2026-01-29T18:45:42
b58e1c03-1d7e-46a1-aab7-e7fba1ae5ced,48,60661.5,823,self_employed,601442.96,2026-04-23T03:50:06
9412ce46-29b9-4d0e-8605-d274e79c0ae9,51,436805.05,637,employed,577937.87,2026-04-06T04:26:28
797766e9-3f8f-4aac-9890-c7b8969a1016,50,263908.34,325,unemployed,905814.61,2026-05-30T09:07:30
196ee6e0-70ed-4b86-8158-e8e6216f1f7d,18,426737.28,463,unemployed,207739.21,2026-01-12T03:54:27
0d50be1e-195b-49a6-8065-d57632a6db35,41,137638.42,833,employed,364949.76,2026-04-13T17:47:07
3a3f5752-8c87-4b61-bb5f-68e35d4b7355,59,352768.41,563,employed,392055.83,2026-04-01T01:58:35
027de3b0-6ebb-4177-85d9-b264c5d5a2e4,32,247257.63,636,unemployed,574938.88,2026-02-11T01:28:31
a16dc39c-5b81-40fb-813d-09eb9b25dc39,26,99506.18,462,unemployed,72849.48,2026-03-29T09:54:56
0d39b6f2-9445-49ba-9555-e42f8a47c480,68,155984.45,536,self_employed,69720.26,2026-02-25T11:45:52
130e53da-87b6-4b1d-a33a-120c676568f7,29,62583.89,451,self_employed,240508.99,2026-04-17T12:08:34
0597a046-9590-45cd-bf97-6787d8760c02,23,466006.91,696,employed,489287.83,2026-01-13T02:53:57
38c91c9a-171e-4e24-a5e5-a04bbbd740dd,38,149829.71,606,employed,374593.81,2026-05-14T13:44:01
796384ee-1b65-42aa-9b2d-281546629f86,22,57709.38,468,employed,225598.23,2026-05-24T06:17:03
631d0350-9139-4c12-a4b8-804e3376ae3b,60,264211.42,519,self_employed,164097.59,2026-01-28T20:48:21
115726df-0c59-4386-b57b-f5c94f5ded75,70,20959.67,631,employed,105349.02,2026-04-30T04:29:14
7a5e2f5f-7f69-4140-a072-61d88b0de0cc,62,79150.5,474,self_employed,198281.53,2026-04-14T23:35:45
fc82e5fe-fc6e-4b30-9986-0f7c61ad0d2a,49,404542.29,313,unemployed,695443.73,2026-01-30T03:03:03
5cf39318-a002-42b9-b3f0-f51b74dc25aa,46,226271.8,837,self_employed,124902.25,2026-01-16T17:42:30
cf167c33-3485-4741-ba5c-9743bf17b7c8,45,332312.46,368,self_employed,712331.68,2026-01-28T06:01:55
50b42054-86e6-444a-b70f-f029d4d5119a,20,240545.5,540,employed,521540.57,2026-04-19T09:18:41
fdb2000d-29e2-4547-906b-7ab22de982ee,19,25551.42,756,self_employed,917251.14,2026-03-12T02:35:17
ea7acf95-110e-449c-8197-388be32b5d75,57,94723.96,773,unemployed,580394.59,2026-06-17T17:07:27
070c0d84-850d-4678-89be-2e2729e947d6,49,154503.16,824,unemployed,512293.67,2026-03-21T08:23:23
15126ea0-688e-4e2a-aace-0fec2f688463,49,35148.33,664,self_employed,889703.49,2026-03-23T01:55:13
4a528b8b-1d55-4f99-a828-0ff12f12d7c9,57,186710.35,390,employed,787230.6,2026-05-31T22:09:36
b6587dc6-7867-45dc-b47a-41ec1bd1d9e8,52,155779.19,582,self_employed,847433.32,2026-06-24T15:44:03
209808de-5a04-4daf-806a-a3aff57c535f,32,158381.36,406,employed,493194.02,2026-06-26T23:20:57
022c9610-0ef8-4142-b01f-a83bbcf0cf83,49,174783.5,574,self_employed,873977.35,2026-05-04T23:33:27
725d35f4-ab43-497b-b604-f7a24133dbb3,66,297657.38,418,unemployed,132953.05,2026-04-17T14:58:57
d8de6abe-0ef4-4e9e-93b6-84b3e82bc22e,24,21468.6,751,self_employed,423424.66,2026-04-18T18:20:17
e3ba8fe8-a268-4a81-a25f-bbf30521b3cb,28,463540.43,306,self_employed,854474.8,2026-04-15T22:12:29
b8200a42-febd-404d-b28e-c27361a03d34,26,331422.29,409,unemployed,834839.73,2026-01-31T16:32:00
72be5c6f-92a8-4ec7-bb1a-d9504fc8bb2b,66,336784.21,779,unemployed,540981.04,2026-01-01T03:48:23
90961a3e-b8b5-408b-8511-4cda5eaea2a2,53,291690.45,584,unemployed,636631.03,2026-03-27T16:32:55
89ab3dde-d850-4d76-b4a7-e736cca77e92,47,477587.41,366,employed,730845.79,2026-04-26T05:51:14
c6269158-ef03-43f6-b47a-4de3c5bda528,66,38433.41,538,employed,378370.73,2026-02-22T00:15:11
94ea5ed9-55ff-43bc-9c75-c036fe28cb71,53,263775.4,303,unemployed,720192.64,2026-04-27T19:57:00
3f58ae62-6d80-4c3a-a47c-c190f14b7801,38,234835.97,725,unemployed,705107.19,2026-06-06T11:34:26
13a51076-c773-4582-9daa-ea176a8a40c2,25,445463.49,407,employed,276948.67,2026-05-16T05:45:21
0b400d0c-db11-4754-8008-6fb6c010a254,30,110082.03,845,self_employed,775469.91,2026-02-21T10:09:46
9aa29cc6-5fea-41b4-8268-83c75ee5004c,26,248744.0,808,unemployed,615901.97,2026-03-06T13:38:24
19b94e65-4ed3-4321-8dc7-a923ee44a665,46,409276.87,372,unemployed,514414.75,2026-03-03T01:10:59
63c73297-2265-4d00-b747-1187efe82d92,63,494790.09,688,employed,852665.66,2026-05-20T04:25:11
d2eed9b9-17b5-4736-98d2-3f2fa4b2973c,49,59830.94,453,unemployed,147602.93,2026-02-28T15:41:02
2d149442-a431-4946-a410-1a97df72e592,42,292969.49,674,self_employed,293699.48,2026-04-15T01:01:13
2494ccdc-f1f7-4687-a804-87481828611c,27,360428.7,627,self_employed,161461.88,2026-03-14T12:40:44
379ccd8f-aa38-401d-a6a5-fbdf7d76d380,65,253014.11,316,employed,475741.62,2026-01-20T09:32:38
51432563-56f8-4366-9093-e43ca77868d3,67,447619.04,429,self_employed,249968.64,2026-03-09T16:06:00
ab86218f-ef9a-48ac-b603-1316861589de,51,455931.4,598,self_employed,754297.38,2026-06-30T20:59:12
f38099b3-5629-47a1-959f-881a0d20fd2d,34,134284.24,309,self_employed,482932.52,2026-04-05T16:00:05
8bfba545-a22a-4adb-a309-6d8bd8754553,48,108928.97,378,unemployed,96676.94,2026-04-15T18:50:10
8e13cf29-259d-48f4-a584-462c17be29ba,46,408606.75,823,self_employed,571231.47,2026-05-14T16:48:16
5bc178a5-0928-4693-998a-ee581a31eb74,25,185351.76,345,unemployed,712981.13,2026-01-18T05:17:27
209267e7-3042-4cd6-97a5-18bf2009f1a2,47,452694.57,767,self_employed,672493.01,2026-05-23T21:00:31
62b3574c-cc61-4689-8e9b-41f278e21ba5,57,424461.55,420,self_employed,975915.47,2026-02-12T04:19:23
4c8690b2-fe87-4758-b14f-692601c441ae,57,424235.57,766,unemployed,960694.74,2026-05-25T01:43:54
c40c84a6-b484-42d6-afd8-ad0705029ce6,34,378152.91,824,employed,141347.41,2026-05-06T15:26:35
2ba23dce-0383-4926-b522-8688176de012,65,327135.55,302,employed,983128.93,2026-04-25T04:40:08
8864c54a-1373-48c0-8323-73eb288be311,70,308866.61,542,self_employed,534998.59,2026-01-23T11:45:22
c66f225c-87fb-4e73-98e6-e3c4fbb8a597,22,97488.67,650,unemployed,468309.2,2026-04-25T21:18:56
d27ef009-6683-414b-a288-3f4de318e022,58,202637.09,611,employed,452825.8,2026-06-25T12:37:23
6931366d-0399-4ad2-934b-33ef46ed081e,54,491197.93,422,self_employed,215734.0,2026-02-24T00:40:41
6d98a6e7-2d6d-4f31-a213-bbf4599b5b8a,24,62881.14,832,self_employed,64824.17,2026-04-06T17:30:01
fef9da79-5a71-49e0-83a9-b65cd5d4c39b,54,491625.35,486,self_employed,76716.52,2026-02-21T19:43:35
49602003-fb85-491b-bc3e-c8e6243f0e97,31,379622.39,541,self_employed,473571.73,2026-02-05T08:14:06
0de8d9e7-a559-4644-8300-500eddab42da,63,238905.9,805,unemployed,174666.4,2026-06-24T01:11:50
84bdd04c-0ffe-47f5-90c2-c54afa9a4ee0,59,83915.06,312,employed,873942.11,2026-06-30T12:19:41
f96fbe87-4579-42e1-878b-cbaba86f1597,49,63425.82,599,unemployed,640476.98,2026-04-17T06:15:25
3b1a2f17-c2b9-4635-80b3-64ae1a1067d7,57,249406.5,629,unemployed,882062.92,2026-03-09T06:32:33
a12786fc-d8d5-4cc3-9059-5ed9a25c8a0e,48,498869.08,801,employed,880759.6,2026-01-03T13:34:00
40ee44d3-5e5b-4340-8fab-9eb800917c99,63,263248.57,597,self_employed,875420.38,2026-01-23T07:36:50
af6944d6-c641-47c8-bab7-6c134d80aa3c,24,292579.44,662,unemployed,81339.96,2026-04-05T02:40:05
cc28ab9d-9ff5-4b09-9acb-3135c50a80c0,45,396696.46,497,employed,478452.22,2026-03-11T16:13:05
c52b681d-5593-44f1-a4d7-3ce3a3729e83,45,329315.15,407,self_employed,747337.73,2026-01-25T12:03:34
f6139c31-3bc4-47f3-a9ca-b2eb8dabdb1e,60,242601.03,388,self_employed,105959.53,2026-05-28T03:48:02
810388dc-2d02-4b31-834c-ea2592d05bd3,58,175953.01,496,employed,766760.94,2026-02-12T06:14:32
d2898117-671b-4052-879a-847965ff8283,70,61755.11,812,self_employed,367698.21,2026-03-27T09:59:29
fdde42af-bb0b-4eae-a781-a24c10f809de,56,189599.77,329,unemployed,241661.19,2026-01-07T05:46:04
363336bf-3236-4a6d-93b1-a418ccb62907,56,339024.96,757,self_employed,659425.8,2026-02-07T05:37:00
076151bd-b93b-4011-91e2-b9cb55b49df5,53,339117.72,524,employed,479496.13,2026-04-06T19:12:32
7944c560-d846-43a7-a65f-c278d987bd05,47,230540.66,399,employed,740035.86,2026-06-27T05:34:59
16474c98-25c8-4e87-aa93-8dcb13f98992,69,318091.03,850,unemployed,321287.79,2026-05-12T07:53:32
760e9ed8-98b8-435c-bc4e-e9ef1a0d17a0,50,148637.02,824,self_employed,453681.72,2026-03-06T00:40:14
74d44b49-030c-423e-985e-22dd3010d4bf,27,176734.93,349,unemployed,201247.23,2026-01-02T07:57:37
fbb60188-1fa0-4436-89cc-c9307dc17485,62,400369.9,537,unemployed,655088.34,2026-05-23T09:55:05
fbe15544-b7ba-4860-b4c9-4a420b12fea8,55,346499.63,425,self_employed,447722.66,2026-01-28T00:00:11
c1dd7b6c-5bbe-4dcc-abba-e0a4590ab257,25,154357.69,439,self_employed,396387.8,2026-03-02T11:44:28
4c983d86-36fa-4aaf-92c1-4bb9f97a8bd7,38,395451.64,345,employed,26716.49,2026-03-19T01:15:07
a57869f8-022d-44a4-89ce-23489132f48f,68,303239.44,693,unemployed,652135.88,2026-02-09T05:12:30
2d65eaab-b645-4f37-9d93-83ac90638247,59,190145.05,751,self_employed,202788.85,2026-06-29T23:57:47
0f0f9d6b-8069-400c-8038-bff0edb1757c,45,409863.48,426,employed,861105.11,2026-03-12T11:15:46
6d27e146-18d7-4609-b00a-9489a9a9a7a1,56,105794.89,350,employed,485511.38,2026-05-11T20:06:50
bcf7b32c-dc7e-432a-a9d7-e8d22c082828,55,453841.22,357,employed,127422.82,2026-03-24T10:50:58
5f3827c0-a1f4-4118-a226-de913af1ada1,29,300800.45,780,employed,738243.59,2026-04-11T13:52:00
f31664e9-fbcb-48d7-b592-62f5dade4c69,30,133077.04,337,self_employed,10572.29,2026-03-12T20:53:14
07425d6d-293c-4198-8b41-f158ae18db1e,23,52397.41,676,unemployed,294755.78,2026-06-24T01:16:51
01592bcc-758a-45b0-a755-6236af8aafe2,65,450128.46,636,self_employed,185455.95,2026-04-06T02:16:20
15f88911-6a31-4a9e-8239-7a18a520663b,41,48924.52,692,self_employed,763326.25,2026-06-12T17:51:07
86ac457d-0dd3-4b92-b37c-219f89630bba,24,238442.71,622,unemployed,129076.37,2026-01-18T16:44:26
dcd3b520-fe30-4fbc-9045-8a32884c959a,31,281149.57,446,unemployed,98603.47,2026-04-01T00:16:17
2eb3a303-d144-4525-9bab-bf0c9cfa6a5c,65,38471.24,540,unemployed,760117.26,2026-03-28T20:36:53
e4f0d955-7c3c-42d8-bbef-8f4c19ce197a,27,387077.48,783,employed,587823.12,2026-04-15T05:21:23
9d4d0da1-dbf7-4962-8279-854ebe0920be,67,266059.05,586,unemployed,334764.23,2026-01-31T05:08:21
a6184c5e-9ddb-4e71-a47a-8a66784a9e24,58,270039.25,801,self_employed,897203.19,2026-02-28T18:31:21
4469d5c9-f7dd-4e16-948b-17070a4cf571,24,122814.79,312,unemployed,272538.53,2026-06-16T21:32:13
b91c06cc-0673-470a-afa9-f6feae957a88,53,198415.69,825,employed,458186.21,2026-04-01T07:36:08
8e968142-4173-49a0-86ca-2e484c54e563,46,88034.69,626,employed,257074.98,2026-04-19T03:39:30
c5496848-acf2-4355-a665-0b6f02498c12,45,322159.87,824,self_employed,14949.33,2026-04-18T22:26:11
12d7ae2c-f8a2-46c6-8938-731777411987,67,155512.91,566,employed,958219.06,2026-06-28T17:00:10
db7d6221-0011-4d35-8fb4-0b4f950ce4b3,27,271882.44,712,self_employed,229167.29,2026-04-21T07:05:33
099d74a0-71e3-4917-8e03-f5b44d4e4b90,31,431390.62,622,self_employed,733228.86,2026-03-05T22:39:49
7fd62ef0-4574-4b38-8aa5-97f6922f8f87,30,348834.14,642,unemployed,237335.46,2026-03-18T22:44:42
4a70f0ca-314f-4f22-9bbc-fdd0ed633f19,51,108465.86,406,self_employed,449233.16,2026-02-15T07:32:21
8d3961ae-dc9a-462a-b224-f85324bbb9f4,56,421410.15,622,unemployed,484643.11,2026-01-10T16:38:05
39734c2c-3464-4fcc-83e2-b3154c3e8b16,48,233463.42,753,self_employed,869760.65,2026-01-17T17:14:50
51fc4e9e-f47d-4efc-8e7e-0b34aa059272,59,428071.01,525,employed,719996.62,2026-05-30T00:53:12
ca42aea0-59c0-4e2d-819e-e94d1924ef0b,68,198086.02,703,unemployed,583905.85,2026-06-30T18:53:55
d2c71ff9-03d5-4db3-9fba-8d16fc518405,18,291914.84,520,employed,396059.97,2026-05-02T21:02:59
add2aa0f-8910-4bfb-89c8-115c59501cd9,58,384747.76,800,unemployed,686176.62,2026-01-13T18:02:17
bec92ea2-cdd6-44f1-b84e-9c492940b430,34,285345.55,452,employed,126645.4,2026-05-09T17:24:29
4dc191b8-6cbf-498c-80e3-8de09dda0e17,61,234673.34,830,self_employed,863984.45,2026-01-01T16:07:14
00957b8f-ce47-4fed-9657-df568e8f1fd1,54,109974.29,332,unemployed,464357.3,2026-05-22T07:13:48
57e54055-3bc9-4d92-a1e0-64f79ab77e5c,28,439161.96,462,unemployed,469936.57,2026-04-03T14:40:50
e245363b-6c81-4d60-bef0-ffdea9ccb7d0,66,343152.03,359,self_employed,634977.55,2026-03-31T02:20:11
91a76a33-4b9b-4368-999e-5bceed76620f,36,153052.46,576,self_employed,109501.83,2026-03-17T11:22:53
fc588d75-d971-4c9c-adee-88276cfba7df,65,304487.74,486,unemployed,479933.53,2026-01-20T01:08:40
c0867d7e-6f5a-4d81-a64d-1591c1fb8cf9,24,174214.94,603,unemployed,156291.19,2026-03-16T20:48:38
9fbd97b8-b402-4613-8c2a-f6d53c2b0f80,51,172753.41,503,self_employed,220131.4,2026-03-19T15:26:10
291a0b70-7aa9-4b83-8946-980c392ab5de,49,32058.58,743,unemployed,133672.97,2026-02-09T07:04:58
63a285ec-fe3a-4fd1-ad89-5b935d764be6,38,155224.11,383,employed,872513.6,2026-06-06T13:02:13
f6a96002-288b-412b-b6cf-4813c786f8fb,43,275846.96,722,unemployed,653482.88,2026-06-09T00:18:58
688483a3-1b1f-4d2c-adb5-4572b7304cfb,53,477271.59,477,employed,463131.18,2026-02-25T04:37:09
a7efe3c7-189a-49f8-8f43-ab36b46490e8,55,399710.32,417,unemployed,306756.19,2026-02-11T00:59:35
6573ee9f-a2a0-420e-8384-2947dbd9adb9,60,217010.03,441,self_employed,498476.06,2026-05-18T05:09:33
803189d1-3b3c-4d27-87e5-d9ca02c15281,36,259931.42,348,unemployed,639746.42,2026-02-15T10:50:08
0a70bc77-2a38-4aa1-b8cf-793c52bb2f55,59,325199.2,830,employed,944296.12,2026-03-30T19:48:35
d45763b7-70a6-4d27-96f6-0d4885cc3391,70,464945.18,844,self_employed,417941.85,2026-04-24T06:44:44
0b82106a-2ebe-4464-a522-d0810df3a14a,41,335374.31,828,self_employed,74103.31,2026-03-13T16:20:51
13013bfa-4b69-48b3-a395-3a90061ff5a7,58,283732.71,719,unemployed,473784.57,2026-03-09T17:55:20
542cd013-3a97-4049-b2d7-1dae574635e8,43,432755.97,745,self_employed,772681.63,2026-01-14T05:43:57
b29852e8-0abb-4271-b38d-5aa425c8f31c,34,44207.81,354,self_employed,720721.66,2026-04-10T13:27:45
8a00e493-f917-4c5f-be29-5e6d588dee61,33,312842.06,789,self_employed,86857.13,2026-04-29T07:26:46
6ecea76d-c2bd-4150-96fd-e41237913ddc,41,327117.44,302,self_employed,50417.27,2026-04-22T13:12:34
dcfeb584-cca0-462e-a363-b56dcecd84c1,39,210880.46,473,unemployed,173623.75,2026-03-14T07:10:35
d5743593-539a-41d8-9949-892e5917fef5,68,289714.74,505,self_employed,232097.55,2026-05-24T03:15:13
79ddcc05-3371-4069-83aa-196bf8a2e4b9,19,102358.06,532,employed,733015.81,2026-05-11T11:43:30
8fe837d9-6e09-48b7-833e-4ef8363e08c4,37,214086.42,593,self_employed,706917.25,2026-06-25T21:35:30
341feea6-1f12-470f-b39a-60dbe466b67c,44,327007.66,520,employed,679493.16,2026-05-25T12:04:11
98e36eb4-ce4d-40c9-9bcf-fa8bb8832b93,61,209153.53,645,employed,457979.2,2026-05-29T23:35:08
c383951d-ac94-4b10-a99f-eeeef71470f5,18,319432.0,420,unemployed,656654.56,2026-05-21T08:39:59
7b1294fe-f1ee-4b7f-81c5-67a5c1019262,46,437428.41,350,employed,197909.33,2026-01-22T00:23:46
87f3923d-c3fb-429d-877a-0344333faca7,44,343420.29,775,unemployed,107273.86,2026-04-13T19:21:10
d2aecc8f-a6f5-41a1-b7f1-51e3a89f28fe,54,88902.48,499,self_employed,890322.28,2026-02-18T10:52:21
504e8190-17fe-4288-b84c-fbe0458e8971,29,478203.77,379,employed,611674.95,2026-05-02T09:18:12
64234494-8587-41e5-8453-3fa819ca2989,70,23710.96,355,unemployed,269683.56,2026-02-03T21:40:13
cfb61018-358b-4dce-a0b8-dfbe8f5a3fb6,41,152941.27,580,self_employed,702252.22,2026-03-05T23:51:37
ae95a4fb-7878-43b3-84c2-88b72be68587,61,475290.66,495,unemployed,627195.98,2026-05-05T18:39:11
67810515-1852-461f-afae-13c37b9a7611,47,370799.76,439,unemployed,483545.36,2026-06-07T03:07:31
f63cae0f-96d5-4f41-a1c0-143e136d90a1,34,435135.38,764,unemployed,301886.21,2026-05-22T18:28:29
b69203a2-14b5-40d8-85bf-e26704b351a7,57,189290.07,479,self_employed,425273.02,2026-04-16T04:18:20
b271f5f2-bb1d-44f4-a28c-77e848d0c5a4,46,229072.35,381,self_employed,70811.01,2026-02-16T00:43:06
9eb2003c-d9b1-4183-9419-597330eaf7e7,64,486905.27,810,unemployed,255098.56,2026-06-26T18:20:00
fad59282-699b-4a73-8e99-afd6a9d26320,20,290284.45,328,employed,204968.31,2026-05-20T16:46:02
305532a8-37fd-400d-b0f2-bcb71b2c42d0,66,434601.02,398,employed,189836.01,2026-06-06T23:53:36
c5154921-3bdc-4d68-8e96-9fb586fe3053,70,27439.93,535,employed,877445.15,2026-03-08T03:00:49
2c64b38f-6ff0-4067-8aba-f48c3101c6a2,35,171724.95,454,self_employed,677340.78,2026-05-04T17:15:22
8aac9bd3-1986-4827-a460-b25ec527c781,42,270605.68,671,self_employed,875308.29,2026-05-06T04:06:31
219f0178-4e56-444f-8461-73f5f2da54c8,70,360050.88,485,employed,710198.14,2026-03-22T07:06:27
72714fdd-a9b8-4679-96e3-3d476ff8b362,21,361750.49,478,self_employed,995415.08,2026-06-07T00:03:45
21f4007b-462e-42c1-abcc-85767b2c4f56,57,60309.01,648,unemployed,523103.92,2026-04-01T19:18:22
7fa6d37f-0ebb-4d76-a276-910ccd168708,43,238688.13,785,employed,630175.69,2026-05-22T06:35:36
b892ca44-2fda-4112-aa60-54ba17f10327,50,105931.13,591,unemployed,402897.57,2026-06-22T00:50:12
94496779-bceb-4fa5-9e67-1f89ab557456,31,456622.08,763,unemployed,971261.58,2026-02-28T06:49:53
ea6d4b0a-6b6e-4edb-b7ad-b0e13a3ef0ad,46,407242.23,370,employed,125231.25,2026-05-16T09:45:17
c6d96843-8e9e-4292-ac09-989bd3b83347,62,295827.99,491,employed,417660.35,2026-01-18T21:12:07
919e8edc-69d2-4569-82c8-54518d8e1ddc,47,494253.54,719,employed,26882.5,2026-01-19T02:40:01
90a5f5e4-bf19-4b0e-b75f-0933ab03056a,56,305919.28,307,employed,683594.12,2026-01-18T20:57:23
15dfbd26-e0a4-49d8-8771-5e5ed9ab0cfd,41,327778.28,769,unemployed,331067.49,2026-03-27T21:19:29
49be4697-057b-41f5-81a5-323cec064b48,40,87247.25,647,unemployed,540487.0,2026-01-25T09:30:52
c04d33aa-2964-4d1d-94c8-080017429df5,55,236827.99,684,self_employed,293396.95,2026-04-02T10:32:16
3c284233-4b68-46b4-bef6-9b3459288fc4,56,309482.35,533,self_employed,889701.01,2026-01-31T01:12:38
dc56f789-5c07-464e-bdbe-c235679417cd,64,404404.45,503,employed,633516.67,2026-02-15T05:31:32
52acbff7-056f-4ec7-baf4-92610049bf74,58,490431.87,777,employed,507271.49,2026-03-26T09:30:50
d15508f3-6e6b-4aa7-b532-1961d9589f19,55,469142.37,412,self_employed,644041.97,2026-04-16T15:09:26
720226de-f0b7-4efd-b59e-b1f627705fbc,18,90007.57,343,employed,101661.63,2026-04-25T17:32:53
fd179238-bc25-4d04-8cc7-27dccb83ec1d,54,218357.33,611,unemployed,459155.94,2026-06-16T08:25:34
dfb26792-2f20-4a19-b186-c2eb94a3943f,25,22221.83,609,unemployed,621834.36,2026-04-21T12:47:50
263b5015-f837-4b69-8a9a-31b176901c87,47,59054.55,580,unemployed,719345.08,2026-06-15T15:18:51
1da81f19-7285-4cef-8474-9af8b42da0b3,61,151522.95,448,unemployed,21787.36,2026-04-05T09:12:06
4ff9b17c-58ed-435b-ad7b-51f50b967532,62,373074.98,333,employed,483058.88,2026-04-14T07:11:41
f22744ac-a790-4adb-8f53-b2bd5ed1921f,35,377680.99,526,employed,130618.44,2026-05-02T16:42:10
8ef53226-037e-40c3-92dc-9e1b308b607c,53,282807.6,510,unemployed,885965.81,2026-01-11T14:24:17
48eb9ddd-bf01-4fd4-abdd-6c94726c39ca,65,456209.93,319,employed,341021.34,2026-01-19T16:48:41
0588ab83-6a41-402d-be35-30b18a68e354,37,278738.79,726,employed,883441.47,2026-06-24T08:44:10
253e0d00-829e-49b6-97b4-9e074c7ab6fa,56,101061.09,348,employed,872222.42,2026-04-24T15:14:26
45308305-9925-468b-bed9-43d4371dc24f,31,305341.34,738,self_employed,297802.38,2026-06-02T05:50:38
df14fd55-d4c9-4484-b853-1e6bbf06547d,64,130558.09,682,self_employed,146418.59,2026-02-06T06:58:39
965852d3-e6d1-4a76-951b-6eb0efd916f8,18,220359.54,543,self_employed,866790.77,2026-05-07T10:30:58
07dc6a91-5527-4a80-b8e5-8d212004c683,42,275407.02,650,self_employed,730992.65,2026-02-02T13:18:22
5a8fd4e9-1cab-4001-b4d6-ac0689a6a4d8,49,231922.23,821,employed,848270.44,2026-06-06T13:23:16
c653cc1a-7c72-4118-999f-fd935543c199,60,379128.52,738,unemployed,827751.83,2026-03-22T04:01:53
680bbe28-4177-41c6-bdea-096075d7df70,39,189978.05,513,unemployed,679216.51,2026-04-10T02:29:58
1a2be39d-adff-40a6-9212-33c875756086,40,237429.19,328,self_employed,377313.07,2026-05-14T15:08:24
1170f7e2-d414-4957-8492-c770cbc36311,57,49380.51,834,self_employed,984912.8,2026-03-11T01:32:47
b586a711-8422-458d-a914-527b2d25f7fb,23,67389.1,386,employed,714854.29,2026-04-23T16:03:23
3abf5002-8088-4a3f-a0aa-e84287298e46,42,271934.68,570,unemployed,85621.5,2026-02-08T21:19:20
79c9e94f-b55f-483f-92c4-c08b5b295d22,37,70915.19,840,employed,650871.26,2026-04-23T10:25:42
a8f3298a-0db0-429f-9393-35bd9dcba5da,42,388932.41,542,employed,995570.47,2026-05-25T17:46:17
d650b36d-9c98-4e46-a8c5-9acde11c5f66,42,61173.63,752,employed,586791.89,2026-04-30T10:43:07
504c360f-c9ea-49c6-acb2-62f4f8e8770b,26,281481.64,423,unemployed,874933.6,2026-04-08T20:19:46
39e41f52-86ec-4bd0-b8af-89d9639afaf4,36,182000.05,587,self_employed,989198.37,2026-03-02T05:34:10
f3ff191e-627e-4762-9fda-bbd54dba1dcf,49,388454.57,437,unemployed,636058.06,2026-01-25T01:50:27
1eb88c3f-d33c-4bdd-81c0-38399429fcd7,27,304623.35,683,employed,896762.8,2026-02-05T23:24:06
ade6c36a-fb7e-425a-8542-0ec6d12400e5,49,68325.99,546,employed,696126.58,2026-06-03T15:34:17
c10a5a60-6f98-40db-a1be-d0f9899ccd19,18,219071.49,341,self_employed,510165.57,2026-06-25T07:01:02
f28e40ef-9d95-4f00-a070-df0b7b7c107d,20,297131.66,356,unemployed,855891.6,2026-04-27T08:51:09
ddfa1b5e-4e71-4274-b49b-248eaf8a0754,44,473928.04,690,self_employed,574104.03,2026-06-15T02:59:13
445052c4-0bf4-42f6-8308-da1af98d58c8,59,465271.03,542,employed,332351.69,2026-02-06T07:22:30
750cf052-e764-4be2-9c34-dac6f10c35cf,35,264655.48,783,self_employed,915019.45,2026-04-02T14:59:40
a39024c0-6d75-407d-b030-5d6ca7665067,48,445465.08,667,unemployed,236459.46,2026-02-12T11:48:26
6f11fb23-5ae7-49a0-b4c7-8912863fb432,54,358686.73,408,self_employed,66353.5,2026-02-21T06:57:57
240638d2-6359-4884-b5cd-f703e0404b98,29,280496.23,640,employed,75060.32,2026-01-06T22:42:22
3d4cedd6-5e4a-4e5c-9f26-a69fe1573cd1,33,449259.75,542,employed,335867.65,2026-03-27T12:55:36
bdcefdda-af14-4e15-81b7-bdd59bffae4f,52,352234.59,828,unemployed,632696.79,2026-02-25T10:57:01
e7f60b50-344a-4cb8-bd48-2fb895d643c4,32,177601.55,750,employed,138006.08,2026-04-15T09:27:48
b6644d74-82e5-4d81-9b89-17db38d95213,30,95588.66,528,self_employed,307388.03,2026-01-21T18:10:52
f0119905-60c5-4643-876a-b9df4a96d865,40,484362.48,728,self_employed,250822.44,2026-02-24T07:56:34
3599bd7a-1687-434a-a3ae-99e73d7cd986,40,473676.99,465,unemployed,861585.4,2026-03-13T05:59:41
4ecce27f-c821-495a-8900-b7a98a128889,28,471593.49,750,self_employed,282343.25,2026-06-16T21:09:15
d7929659-3007-4fab-8cd9-1a9dccd1aa79,31,439898.44,312,employed,904565.79,2026-06-24T15:06:44
8f3a6a32-f1ba-48cc-98a6-9e46fb01f3df,49,477629.89,620,self_employed,404790.79,2026-05-09T13:19:36
7be96ea4-b0ce-462f-868b-21f925496cb3,20,290974.92,619,unemployed,704123.98,2026-06-25T16:38:30
6903ba33-0b32-4246-a81c-1496c2a3619a,25,258518.2,398,self_employed,355534.37,2026-02-21T20:50:18
e11d3489-ba82-41e4-84a6-f466d9f1a37d,49,443060.92,376,self_employed,937589.7,2026-03-16T16:48:00
4aa3532f-b11c-415c-974f-2a0294e6cfe2,34,483676.7,375,self_employed,699913.21,2026-02-20T00:48:46
dd3864a9-d906-4aa3-81eb-8ab3cbcec15d,38,80517.66,603,employed,573926.68,2026-01-26T18:34:49
0cea81c1-91ae-40f1-9261-0bf6b1292bc8,28,293958.6,749,self_employed,436546.05,2026-04-29T23:00:30
7a3b6d46-6df5-43a2-b482-bbf53c7c3c50,31,55967.07,753,self_employed,356949.54,2026-05-23T06:47:59
d3f51f90-9eee-4769-b60c-97c0e0cc8ec0,30,183079.22,745,employed,404133.85,2026-05-24T22:44:13
abdf82dd-7301-43e6-9e03-37bdace04e27,48,114342.72,683,employed,737887.67,2026-04-09T20:10:27
ee0051f8-dc9e-4aa8-bbd9-2284625fb25f,57,455636.58,347,unemployed,718997.05,2026-06-15T10:27:22
834981f9-0766-4c76-9029-61b49cb26cd9,41,45737.83,697,employed,227107.18,2026-04-06T19:24:08
8185cd09-feaf-47d2-89d2-885267e79516,45,355378.24,701,employed,545364.2,2026-01-31T14:03:28
755074b8-cc95-45ee-ab9a-c02245b16191,18,374840.26,628,employed,527568.61,2026-04-06T18:55:20
00e10a67-7264-4005-81d1-55ad85a1a6bc,46,142025.3,573,self_employed,356065.16,2026-02-22T15:20:46
f8515374-26b1-4f97-8118-4d3eaa7f1a05,68,149680.28,382,employed,372052.49,2026-04-12T15:47:04
2bf69d89-f7e6-44ea-a0db-9eda188631dc,40,104835.99,379,employed,882683.82,2026-06-03T16:04:13
89730df9-967e-4ff1-8e9e-a2b527bc4f27,26,465369.31,808,employed,674542.93,2026-06-02T15:20:09
57bcd9ae-8d10-4d88-a433-aa0e298ae8d5,44,289112.97,342,employed,624936.14,2026-01-13T06:58:56
a9ccba2c-d9c2-40e9-a23e-63749fe63488,19,54831.0,585,unemployed,986148.62,2026-05-08T01:35:22
531cd554-4f37-44ae-ac3f-6e26fe27bcb5,70,116528.75,369,employed,204278.45,2026-02-20T04:41:38
936651e6-90eb-4ae2-9979-6910c74edd44,34,266169.8,311,unemployed,193570.72,2026-01-30T19:57:09
6b9c2fae-f3d2-4f6a-8753-0611a6cace69,62,78137.35,611,employed,33498.37,2026-01-19T11:22:49
abeb3182-742b-4183-a8dd-ebeddd15852c,40,247682.53,517,self_employed,113663.7,2026-04-10T23:00:52
13fd7194-5ad7-4195-b136-9e1688d7f6f5,60,459341.55,609,employed,988278.74,2026-04-13T14:49:52
ff1e28c6-6ac8-4785-a5e8-cbf4d99681a9,49,437021.88,517,self_employed,576946.01,2026-02-21T11:57:59
c7c443f9-4f20-4ee9-a46a-a66eb55cb3d1,47,469896.26,302,employed,505704.88,2026-03-29T18:31:01
821f2ce9-8673-4d4f-a6f4-dd4a9389522f,46,214389.45,684,self_employed,715271.61,2026-05-14T22:23:51
ad0ba7ef-b318-45e6-a5d9-ec28ce8bf624,46,201440.1,770,employed,613970.82,2026-04-14T03:25:09
e8680ec1-0181-489a-a546-2bada13212e9,69,264067.78,828,employed,663632.22,2026-01-06T02:04:00
06b38605-8e50-43b1-bd8c-17ed164289b0,64,37404.99,445,employed,106276.6,2026-04-19T04:11:06
07c93689-2070-4b1a-a521-e0a4b624bd1b,42,275461.96,472,self_employed,375588.32,2026-06-11T18:17:20
2d0105ab-baab-4983-b171-557c67b7aa8e,39,180692.52,324,self_employed,20148.32,2026-03-04T01:19:58
c7992a46-09e9-459e-9fb1-5c4c337c30ae,22,366514.73,324,self_employed,829121.97,2026-01-17T05:42:45
bd760aba-41ab-4c9f-958e-c6cd6b9f8150,45,499101.29,649,self_employed,494894.6,2026-05-19T19:31:51
3b6fdf45-2b2a-46a1-b29f-9649771a59da,19,250105.28,362,employed,524018.75,2026-02-13T03:43:16
880c1ef4-dc6e-4507-adc0-9f3f064ff3ca,44,37085.49,387,employed,395105.65,2026-05-24T16:27:27
d72b721c-ef7e-4f31-9099-b49d74e680f4,24,419069.15,500,unemployed,644636.81,2026-01-03T10:14:58
6628e891-f90c-4bc0-9340-9ca38f3a5c29,23,376109.29,691,employed,680813.28,2026-06-21T14:52:09
73401259-1ff2-4dd6-a830-1a8d59c2d8cd,22,162655.84,672,self_employed,41367.25,2026-03-20T14:36:29
4cd19373-1845-453e-98ed-9e2ba1e77c43,45,75378.35,333,employed,700011.5,2026-04-18T06:44:28
1a8436e8-4366-4f39-90da-a411bea9844d,58,467992.59,468,self_employed,534143.89,2026-01-21T13:59:12
3ea92e37-2fd3-4826-a9a0-23355525c323,57,417837.7,318,unemployed,22760.23,2026-04-30T00:13:46
e10af131-0784-47c8-9e31-6f86e01ad36e,38,56228.65,747,unemployed,643626.73,2026-03-01T21:20:09
591c3eb5-a46d-4747-9c08-a6fd02bd9694,36,151094.84,379,employed,365786.0,2026-03-25T11:55:43
1736df44-01ef-4f38-b329-d1b72c134007,59,174103.99,593,self_employed,763055.99,2026-01-04T21:28:44
2b7ddd3c-b912-4847-97b0-b644ba189ba7,69,214274.25,829,employed,918284.9,2026-04-24T17:56:26
e6d431af-e458-4244-922a-d6eef8e26095,21,32896.25,502,self_employed,163382.91,2026-04-10T03:17:02
15e7ee97-33cf-4438-8f78-851dd48009d9,38,64742.38,736,unemployed,576134.8,2026-03-06T22:28:50
2ec7af60-9e78-4ca2-ba46-6d9009fadd3e,55,485085.21,837,unemployed,773964.15,2026-06-24T02:21:34
78a62ded-91a3-48d5-8838-a7e077cba1ee,55,385316.38,616,self_employed,74837.04,2026-02-06T14:32:18
8e956525-37e5-4db7-87aa-ffea46ee355d,64,339597.23,345,self_employed,332866.53,2026-04-21T09:23:24
42d9f6cd-be84-4e80-ad43-a19d918f8dce,65,131365.9,473,self_employed,953625.34,2026-02-08T17:25:32
faa8462e-2e6e-4c95-8967-39cd37e4bf22,66,417505.56,812,self_employed,601847.6,2026-04-11T11:41:21
dc967602-7222-4666-a417-6d81036d3f28,70,166424.05,346,employed,441601.97,2026-06-15T11:50:27
77755fa7-a8a6-4cf3-b15d-0e69c2a4f2f0,40,177081.73,570,unemployed,880556.95,2026-02-01T04:34:00
934add71-b506-4217-8d40-303d79266ade,41,70539.62,407,unemployed,547474.53,2026-04-09T12:33:48
33abaafb-7b22-496d-ab27-1e29587a0992,53,191170.28,807,self_employed,260358.16,2026-02-07T16:19:00
e18d3f45-5d2a-48c3-b584-39b26dea907b,34,427358.94,318,employed,816110.74,2026-01-19T23:47:22
ad63a30c-c087-493b-87b9-9b8122e1bbf8,61,246059.75,325,employed,599127.11,2026-05-14T13:44:10
5d92ba46-08b0-4bb4-905b-a659dd197cdc,20,21536.16,662,self_employed,855805.17,2026-01-02T01:09:40
93f4f0a4-831a-4359-928b-aaec7049343a,57,114016.72,539,self_employed,660409.04,2026-03-02T01:12:31
90eb5d4f-d5b2-47ca-a33d-818d6d0572f4,52,447863.99,605,unemployed,688202.22,2026-05-29T04:59:03
d4862b6e-84fe-412e-966f-dcf1ad731750,18,311652.03,572,self_employed,902559.22,2026-03-14T19:38:49
b51964ec-b26a-41db-abdc-daee57daa941,29,454603.36,347,employed,177936.43,2026-06-06T01:08:50
22a894e2-94d4-4d7d-9401-69eb09a46226,60,238389.92,631,self_employed,580037.93,2026-06-26T13:41:54
88089887-e1c6-48de-bbcc-7382404ce7c9,24,27757.39,323,self_employed,984311.14,2026-05-04T08:33:06
69fe2af4-443c-4755-98b1-60d7d3d742b7,34,217312.52,850,employed,672754.85,2026-01-31T17:35:29
6c23015a-42bb-45cd-adf8-c9993c11becd,60,305592.51,718,self_employed,848879.41,2026-01-20T19:45:27
6e26d8e8-ce73-455a-9f40-6f332f3d0433,44,43816.61,537,self_employed,459008.91,2026-03-17T03:46:11
73760846-9ece-49e8-9c27-e7fe7c0a70d0,66,154705.58,440,self_employed,904946.38,2026-03-04T14:23:04
8a738167-a0d2-4cea-bc4b-07f9f4340ba4,43,329318.7,574,self_employed,634675.18,2026-05-23T23:08:02
31b37c93-a612-44dd-b338-a22ff0abf653,19,165188.61,417,employed,970834.68,2026-03-27T20:17:24
2437b8b1-368d-4901-bed7-23c3b5053799,57,199380.88,748,unemployed,784305.24,2026-01-23T23:59:19
24819e64-cf8e-43ed-a386-46d10be9d06d,59,92532.86,768,unemployed,359185.44,2026-03-27T00:56:01
27eaf62a-89c4-4cd6-8de4-69160b8ce324,54,209296.8,771,unemployed,478890.32,2026-04-21T05:31:49
49efdf40-ca25-4614-b113-1c2a3c9be830,47,70074.12,646,employed,796175.64,2026-02-23T04:10:49
9e5dd209-1c17-4eb0-bac5-cd7b88afab2e,45,26336.64,810,self_employed,239016.44,2026-06-28T08:18:12
dfb593b0-a1da-4ea2-9861-b8274a9a4ef5,65,401039.6,721,self_employed,245703.19,2026-06-28T06:48:36
7bcb4a55-0562-4a60-881a-ba927225d35d,64,317855.72,699,employed,895319.36,2026-05-31T07:34:31
151f572c-7de7-496c-a3ae-c16ba01c784e,54,408816.93,712,unemployed,405400.84,2026-03-01T16:49:51
e326b682-5f9b-4d23-b731-c0b2c7b12aa2,54,412204.33,371,unemployed,950941.94,2026-01-05T08:38:00
995aaf18-a1ed-4cf6-a290-6c3f46f18ca5,28,125125.07,486,unemployed,525135.65,2026-01-09T21:23:56
fdd7afeb-8ab9-47b1-99b1-aa8b0f528387,54,363962.36,515,unemployed,493169.95,2026-03-27T11:38:11
4fe07a0f-1b8d-4841-9bc7-99a779b68865,44,433578.77,563,self_employed,813026.05,2026-05-25T20:36:40
7df181f4-ffac-4d93-bf83-6408a50c234b,29,22120.75,307,unemployed,43554.34,2026-04-18T03:51:21
1295865f-331f-4fcf-b0d2-ecf465d627cd,32,465114.03,569,unemployed,38509.53,2026-04-13T12:38:27
01314ec9-d6bb-448a-af62-5f4a949f22ca,65,86271.75,771,self_employed,172548.75,2026-04-06T16:08:26
aaf9f11b-fbbe-404e-9906-75dfe2ceb12c,59,104099.55,592,unemployed,934727.51,2026-02-02T19:02:24
43324cd2-56b7-44c3-9a41-72ddf11fdf57,32,326634.29,510,unemployed,478972.06,2026-06-13T07:49:44
2aa0d7fc-d4bd-4e9f-b2eb-ee19a3115546,61,444951.15,345,employed,460119.03,2026-01-18T23:33:25
23731edd-56b7-4d25-b608-3dfc84f77ea5,24,240630.19,612,employed,679193.73,2026-04-14T12:59:15
dedd3a5e-a983-4de0-8978-84a6fa88aa7d,46,119570.17,384,unemployed,87784.9,2026-06-06T02:57:00
944da6fc-c84d-4542-b292-af31a80d1480,57,179463.69,812,self_employed,832888.86,2026-01-17T19:53:50
ca31a278-eebc-496b-b77a-24ec8adb6dd1,38,414636.55,824,unemployed,160403.22,2026-05-31T00:41:25
cb6ff235-4683-4139-b0f1-3516dd01ac5c,51,163826.07,318,unemployed,425042.8,2026-02-08T17:14:09
f8efb1cd-6231-4f7c-8096-eb6b914afb50,21,288359.02,319,employed,973020.51,2026-03-20T15:07:58
6ca78ff2-b963-41bd-9e3c-dd8acdb92500,69,296665.78,537,self_employed,749077.66,2026-04-21T19:38:02
be662696-9f0f-400d-b0b7-001ad1ec28cf,69,26250.96,622,unemployed,900207.03,2026-02-15T08:38:03
bbcdc8aa-0c12-4770-9edd-3d1bf5f021cb,35,206553.79,387,unemployed,834768.26,2026-01-13T19:02:11
ca3373ff-956f-4b27-881d-422321195b1e,40,491694.28,734,self_employed,962022.23,2026-05-03T16:55:51
fbbcf0d6-858b-4b60-8b47-0ef6bbb324ed,59,210570.42,666,self_employed,450443.43,2026-03-05T01:16:43
3f07fc29-95ca-4b10-8920-ddf319215e1a,68,81233.47,659,self_employed,584935.5,2026-06-10T11:00:17
6c8ec598-6ff8-40b4-a161-d12958f8fdd3,22,55495.02,446,employed,101589.38,2026-05-07T19:21:13
f8935357-ca5c-4c05-b02f-2be1974ca98d,46,93556.38,677,self_employed,225754.61,2026-01-21T18:49:07
a46ed69c-042b-468f-a4ba-46df9114e4e8,30,491522.84,501,self_employed,337623.96,2026-01-02T14:27:56
2357f9b9-ceb1-4a02-be7d-fee13c269968,54,70254.63,661,unemployed,636332.24,2026-05-15T05:40:11
2d5b9a19-2d20-4ec0-ae28-49e8c0d7ba08,41,260476.44,325,self_employed,549094.98,2026-06-22T05:47:13
c5a5a17d-0e43-4f37-856f-07da8bd5aedd,42,380711.07,821,unemployed,751902.32,2026-01-04T20:41:50
15635277-f573-468a-bbf4-bd964a1cab6a,39,378273.09,379,employed,79445.09,2026-02-17T20:54:25
f4719a26-1a65-47e7-9d2e-07db54c154dc,44,339185.89,772,self_employed,887931.45,2026-05-29T05:07:28
5ca2a61b-13ae-469b-8d3e-36b0dd039fbb,31,477478.49,394,employed,32168.28,2026-04-01T14:30:15
337af384-9000-4876-ab5f-3984c08e7964,65,314369.49,810,self_employed,569205.21,2026-01-12T16:45:15
98bcc53f-027e-40c2-95f1-cb3180a30bd1,30,28272.08,371,self_employed,314020.48,2026-04-15T10:38:09
68225a04-c6ec-42a0-b7d4-3b4b07c30c97,57,22532.35,386,unemployed,846760.88,2026-06-11T01:22:32
6148d271-2a9a-40e7-8f4a-71632815e4f3,33,192186.7,490,unemployed,650514.03,2026-03-01T06:27:01
189e5d7c-4d42-4bfa-ae92-02188954c84c,53,357218.33,822,unemployed,226025.53,2026-02-09T06:18:45
9a4af677-7913-4bf5-b58e-585351ee2853,26,116071.88,303,self_employed,598850.31,2026-02-14T05:30:52
a8ab80d5-c8d2-4be4-88c2-f3a7879d8405,67,301787.29,589,unemployed,698777.23,2026-01-25T08:01:02
1acd57c2-ef9c-469a-9204-da55ad7cfa75,62,406127.65,815,unemployed,235486.49,2026-03-09T07:31:54
97fbbc7b-e381-44b2-8a27-67eeec1f0e27,33,243616.59,604,employed,443816.57,2026-04-26T16:15:23
8269d8e0-a9e3-4305-82d1-6fdf3c0f30d5,38,213407.47,475,unemployed,606278.78,2026-03-29T15:36:45
528b811b-2d2a-483a-b6c7-2054b52b531a,66,127920.08,540,unemployed,206446.49,2026-01-28T06:12:48
60b7c4aa-e73a-48b6-92a4-9aac8655ac11,40,252772.78,749,self_employed,778640.64,2026-05-05T16:55:21
39b93402-538f-4363-977c-dcdf527344d3,44,206851.95,499,unemployed,704380.31,2026-05-01T22:20:06
9a4d868a-e42b-45cb-bb15-fcc56989458a,58,34624.49,539,self_employed,211809.97,2026-06-18T20:06:29
b129e478-cedb-45e0-bc94-65710d82abe0,56,357872.66,699,self_employed,858285.48,2026-05-24T18:39:42
a9624326-fb13-489a-9412-227e5ae6acb0,22,438660.57,688,employed,590275.36,2026-06-22T06:26:12
e22d83ce-66ae-4ffb-a06e-d172b4cd8ede,34,206865.46,620,employed,836234.25,2026-04-20T23:01:22
18e2ca17-786c-435f-87b0-57d33339cace,34,76522.93,427,employed,995387.11,2026-04-03T10:18:46
88ef73d6-6bb0-4da2-8613-4e9de4104985,25,441431.6,606,unemployed,159381.69,2026-05-15T20:37:12
a9bb8229-ed03-4a84-8fcd-1cdf322a94f5,20,260813.38,719,self_employed,197266.77,2026-05-28T01:48:32
b34dbcfc-dd10-4afd-96e9-836f32af4cd0,67,45771.63,451,employed,800007.18,2026-03-28T16:31:53
cead17d9-e21f-4f54-90ed-3c50a7710486,36,27655.45,723,employed,856256.88,2026-05-08T22:45:31
b8e80e51-efa0-49f9-a299-832eddf6febb,48,334071.75,318,unemployed,616337.67,2026-06-05T03:27:32
31fa4d63-466f-4b27-986b-ffefe4434579,68,473950.68,785,self_employed,973173.64,2026-01-16T22:55:28
9f31115a-f706-41c8-9824-8ec6082ef979,31,178751.13,674,unemployed,814307.27,2026-03-30T08:01:56
fb25f1ec-cf73-4455-812b-cf0c88c1e5b9,20,461482.87,498,unemployed,519950.51,2026-01-07T10:02:42
e8fd0163-7e83-4c61-892b-8660ea5f283c,37,104604.86,798,self_employed,574021.15,2026-03-07T01:31:06
a8f44d21-bb82-4c61-afcf-bec7735b7fa9,58,170500.13,531,self_employed,29232.26,2026-05-04T17:42:03
125dda53-5827-4f1d-a362-2b7e9d944cce,49,297027.88,709,self_employed,949110.04,2026-06-30T19:45:44
a4e844fd-bf63-4d90-ab96-29c17ed0b8c1,21,396717.31,338,unemployed,487283.17,2026-05-16T04:37:55
d753378d-c91c-497a-b749-90a8a866e7dc,63,344833.54,818,self_employed,378884.11,2026-06-10T22:13:47
bf2b610b-0499-439c-8327-affa12dac1e0,20,45414.97,636,self_employed,248330.48,2026-06-03T13:33:04
3dfee207-ecbc-4e14-8242-74d8b4811a1f,20,365926.45,747,employed,785510.26,2026-06-12T13:15:04
7d15a484-7541-4f7b-869a-119858750b4a,57,119057.24,346,self_employed,161578.85,2026-06-28T04:56:18
d21777b0-74f8-4e28-ae73-06eb54ec4722,40,259502.26,376,employed,913104.25,2026-02-03T08:11:06
889ef637-d8ec-4d6a-a2c6-2f3578789cc6,42,140051.88,386,self_employed,866123.52,2026-05-11T17:01:51
bfbc134a-f3f7-4608-a887-6ac9a6d0020d,19,201988.07,333,self_employed,355055.81,2026-01-28T17:31:37
bfdb5ef5-9b05-48dd-bdbd-0099516da575,27,227635.31,455,employed,311685.8,2026-01-14T09:10:24
e7ad1467-ab04-4895-9e2a-376fc4a06f5d,60,178644.09,582,employed,331683.3,2026-02-27T09:29:10
00e4ddfa-d2a4-4faf-9166-78fba11abed1,49,485357.68,325,unemployed,877198.44,2026-03-13T15:49:18
4e0be8f4-bfe4-431a-8d81-a21ff7188649,26,81944.49,455,employed,183681.67,2026-06-12T20:24:11
c5767e86-8a7e-460e-bfed-705fca617547,47,110570.7,321,unemployed,881715.19,2026-04-27T11:49:09
5fbe122b-3df1-41a9-a3bb-3e6dabc2b889,50,439490.0,670,unemployed,24122.42,2026-02-16T07:45:20
3acd7622-8f70-436d-8a64-2902808a540d,51,360999.08,724,self_employed,434501.16,2026-01-03T07:16:55
9734108e-8af1-431b-8ffa-cdea4cda65ae,18,458554.29,395,self_employed,164282.54,2026-05-29T01:04:35
972a3cc6-67c0-467f-95cc-9f0c13250291,38,300347.64,310,unemployed,865377.68,2026-05-05T21:35:58
e9c17b9d-0ea9-4782-a3df-95560ccde198,58,395994.28,511,self_employed,884433.02,2026-03-19T09:53:18
0a00684c-4201-464f-8be0-3e91dac7dcc6,63,286911.09,425,employed,475143.62,2026-06-27T18:21:57
dc64637d-3206-46db-bb5d-142385b7434c,69,312656.68,847,self_employed,340112.94,2026-03-05T14:23:07
83977ddd-dd6d-4666-9278-bdc55242e03a,51,324822.4,338,employed,55846.43,2026-05-20T17:49:00
f0101f33-375c-4499-9d3e-c82377da2a31,62,466222.17,682,unemployed,838095.16,2026-05-18T18:27:22
52f7555e-20ee-433e-82e2-35e328e12ea9,27,151677.44,570,self_employed,69471.96,2026-05-21T22:18:15
1fae07bd-c7e5-4610-bde6-c9f7f7d8b8f6,56,140816.67,452,self_employed,947500.18,2026-01-28T00:50:03
ac8ff6dc-b0af-4071-843b-4729de6e3ccc,52,402069.28,650,unemployed,992515.93,2026-01-20T09:45:24
4201e0dc-e206-419a-af0f-60f4535d0435,42,190713.48,665,employed,433530.79,2026-06-26T12:53:26
e9ea1307-9582-4021-95e9-cc01be8fa2df,48,254403.27,789,employed,906676.48,2026-01-18T16:10:03
9befa89a-cab3-4de5-9c93-76e7ab25542d,18,163715.87,441,self_employed,769794.14,2026-03-28T05:52:51
7c42c673-da67-403e-9b27-d353925e3410,24,122520.0,349,unemployed,109289.86,2026-03-23T09:30:42
e921f18c-2d3d-4ae1-a80a-17daa6e00954,67,310394.66,835,self_employed,342515.39,2026-02-21T12:01:20
ff1be9f2-d235-4e49-bec5-353ccc66b7f4,20,462408.18,478,unemployed,896245.68,2026-03-11T08:17:12
c22b0602-02c9-44e0-95fd-b25cb7aa6d9d,48,99211.95,768,unemployed,159347.89,2026-03-24T22:27:16
3190d89b-9e6c-4f26-b441-ce46113ef1df,29,205554.53,456,unemployed,355128.26,2026-01-30T13:53:04
bf928c1c-d45c-4f59-9921-03f258f4e647,62,178857.57,548,unemployed,608854.46,2026-05-09T10:06:15
4c1b861e-288b-46e9-b0a3-91db6697fbd0,43,436779.19,680,self_employed,438790.29,2026-02-09T01:11:21
8a28ef97-2389-4f10-a736-3f752f234bed,41,35457.7,370,employed,323490.35,2026-04-23T08:26:39
484e5ad9-d90f-4381-8979-73b0c08f23ae,23,137442.37,693,employed,165493.03,2026-04-06T01:54:39
fcc3098e-339f-4402-a841-7bb3b6f53d74,37,39152.5,706,unemployed,675539.88,2026-02-08T01:59:32
494e4ec3-60e0-4616-867c-c20ef0bfcb0a,26,327845.4,735,employed,752249.18,2026-05-28T21:29:46
5b864e44-0e5b-4890-a294-2594f74704b6,63,32496.43,431,unemployed,907346.87,2026-03-27T04:02:38
49de9f38-eb2c-4ab6-a7d9-e53c3c3b933a,37,332893.11,822,self_employed,576388.59,2026-03-14T15:07:08
36de01c9-1ca1-4622-9475-20b7372c8922,19,488132.18,628,self_employed,475644.21,2026-06-04T11:01:34
1eab0021-c876-4e14-bc8e-4d548a61ae3b,18,313060.29,319,unemployed,238833.87,2026-05-21T10:16:43
dda67aa0-dbae-42d6-9e46-46986ed4ddf0,45,104985.69,686,employed,965438.33,2026-06-04T10:00:28
8b622942-6b6b-4f90-8375-1e7049277a0b,36,440009.23,489,self_employed,236917.23,2026-04-24T13:28:16
516b9830-1e54-43e2-916b-f88e4175fcad,54,429093.91,677,unemployed,804479.88,2026-04-03T04:44:28
52d043a1-8dc6-4797-8965-ad7494363879,23,159506.38,706,self_employed,785552.42,2026-03-13T19:46:28
8c84a43c-92b6-4004-9a62-03efd477eb4a,37,123155.5,573,employed,545404.0,2026-01-17T06:21:20
62bf62fd-e7cd-4281-8ecb-2d0067d6c68a,27,157528.42,441,self_employed,652351.46,2026-01-19T21:22:58
e580e96a-a03b-4dc6-9f89-a116cd3c3336,25,375856.32,449,self_employed,92788.01,2026-01-25T05:16:56
d6852245-0a33-4ddf-8883-e519434d85f9,61,485385.2,795,self_employed,273998.97,2026-05-27T12:34:01
b9158ff3-bde8-4b16-9cdf-8f00c87c38d4,35,439295.64,401,employed,632675.94,2026-04-23T05:02:11
788e47e8-9430-487f-8e31-fb205e393d25,35,122110.87,325,employed,644334.45,2026-04-05T03:05:00
a174ddd8-a432-47af-a8cf-8b052aad8a34,50,151441.14,447,unemployed,332505.84,2026-06-22T09:36:12
1d3b4a81-cc43-436c-9f49-3d532b927072,67,249649.47,811,unemployed,25761.46,2026-03-20T09:25:19
51c18d14-808e-41b9-ac0b-22bdffdb8f67,38,293196.35,554,self_employed,891256.01,2026-05-15T16:38:54
dea781b9-4688-4c9d-a4c2-9e367d5b47f3,70,73997.03,833,unemployed,588973.47,2026-05-28T06:49:40
d061c1cd-d1ee-4884-a920-b90a165dc565,52,493945.53,558,self_employed,284839.08,2026-04-17T12:10:29
91cedee7-f859-46cc-8a72-5a102499a5bf,27,380399.33,685,unemployed,350790.84,2026-06-18T12:32:18
50250897-2591-474b-b459-b3baefd7b714,48,35814.07,804,self_employed,184811.46,2026-06-09T02:56:00
9985069d-8331-48e2-8a85-9f59322e44ae,56,485627.85,627,self_employed,190741.92,2026-02-25T12:33:39
360127eb-0066-4c6c-9147-329f39fa4df6,66,173509.25,829,employed,20954.28,2026-03-30T22:51:16
12b92d2f-45e9-4ce8-9a3b-17f381340fad,25,102058.17,434,self_employed,654463.01,2026-02-04T16:41:00
99052837-9fbd-4f40-bfdc-c1ed111b2146,54,275335.31,499,self_employed,520804.4,2026-06-15T05:47:34
5acc3081-b56d-4441-a57d-ee1854063d98,63,497279.35,436,employed,384378.59,2026-02-14T16:57:04
f6349f9c-6c92-4b1a-bef0-df3a1dc66623,44,492379.03,660,self_employed,353198.83,2026-02-06T02:30:41
b235b3f3-6903-4e74-bf9b-edfc69362a6e,25,26345.01,388,self_employed,851179.4,2026-03-20T23:09:10
815258cc-3cb5-4534-9dbd-739444d349a3,40,457519.6,766,employed,997733.98,2026-04-22T07:43:31
1732affe-e2e1-43f4-9848-1463af41d4fb,46,49485.51,655,unemployed,718640.43,2026-05-14T11:02:13
7841a08d-ebcf-47e3-af06-6fbd65589962,43,159776.21,781,employed,973576.15,2026-04-01T09:59:11
01992f21-b4fd-462b-a2a1-857e7f41a8d2,32,282969.95,410,unemployed,500504.61,2026-04-29T16:26:34
d62fc052-18a6-4f67-a8a7-ea9b96d69af1,56,424061.89,557,employed,438259.74,2026-02-21T07:22:10
2ad8a015-c773-401b-91ca-2678baf67211,40,32531.61,777,self_employed,770051.63,2026-02-13T00:04:35
571bdcab-8b2c-48ce-ad47-071856f15685,31,316085.46,662,unemployed,247086.49,2026-05-02T12:12:34
6f05ead7-57ba-402b-8f88-20537a07c854,28,309413.2,341,self_employed,662024.29,2026-01-15T11:57:10
0a56cc8c-73f9-4ed1-9bea-4d04e349ed6e,37,152973.04,657,self_employed,287555.04,2026-03-02T17:16:18
d71acc9f-01ea-4ba5-abbc-d0203b60e3a9,64,454147.01,844,unemployed,233632.99,2026-02-06T08:39:10
3291fb98-7a50-46e0-b850-b75cab704e46,33,262553.09,702,employed,997356.27,2026-01-23T19:42:59
7a478de1-6a44-4008-8f48-785824eac808,50,219287.48,763,unemployed,164393.51,2026-02-15T14:49:41
d91694e5-0ad7-4ab4-9ae2-e6f2f0e5e919,64,418890.0,675,unemployed,501303.99,2026-04-15T01:43:45
e275b84e-279c-4dc9-b72f-c13118a3d53f,58,376561.46,771,employed,392764.32,2026-01-25T04:31:35
daffc643-2457-4159-8b62-e002a5680607,20,189319.05,429,employed,54185.27,2026-03-27T18:56:46
871ac3f4-390b-4b38-8565-0dbe555e3321,21,484107.19,726,self_employed,95077.81,2026-01-15T14:02:05
a8793c57-2867-4035-b733-b5c55d7a0304,69,376225.96,732,unemployed,672821.08,2026-04-11T10:26:39
3b38fd07-5eef-4851-8efe-617094bb3b2a,32,490231.05,363,employed,108715.05,2026-05-07T01:26:41
97ec9d1b-541a-49c7-8f10-0a0910e294cd,28,409307.93,730,unemployed,557727.59,2026-06-01T14:18:39
60fde864-6cfe-414d-926f-90c8f87f6830,47,89752.64,845,unemployed,122404.26,2026-06-19T06:20:16
949966e4-7a37-4abf-9eeb-15becaa08174,19,301230.55,603,self_employed,848964.56,2026-03-11T23:45:49
4d6392c2-d7ef-421e-88ee-aa2fce83c666,48,314046.49,801,unemployed,936270.57,2026-04-17T18:46:22
3ed050cc-a0cc-4b41-b319-6b00381821f5,30,226553.59,328,unemployed,300089.08,2026-02-07T04:00:55
4a741373-7bea-4ef2-9509-eef6e0dd828d,55,466163.53,767,self_employed,444303.38,2026-03-08T18:21:24
dee68f23-5810-41fe-81af-25407b9bdf89,49,301634.13,588,employed,767132.46,2026-04-18T11:06:32
32be348c-5acc-4709-93c4-cc8cb5e0f63a,59,105827.07,680,self_employed,525836.59,2026-03-10T09:46:20
1c71f54e-f1aa-4c80-9093-22e5a11ee99f,35,421956.7,800,self_employed,880284.8,2026-03-25T03:23:56
d65df448-2233-48d2-83b4-7a8ab95867cf,47,52677.95,314,employed,642233.02,2026-02-22T08:51:02
86218646-a093-4375-a2d8-5d7f08065d77,20,77374.77,312,employed,33967.3,2026-02-01T12:43:37
da9326ea-dd09-46ee-b7e1-856ddc0bf32a,63,94657.96,805,self_employed,25729.62,2026-03-09T21:12:36
cd2dd8fa-7c21-4a45-92c1-fef1fce800b5,60,288024.01,318,unemployed,687028.01,2026-05-29T03:50:01
be77e65c-8f82-43a2-86c8-c815e7a83c5f,29,465006.04,383,unemployed,682142.76,2026-02-03T12:14:58
52b9683a-a7d9-46cd-838e-292ec1b8e76d,53,444255.73,678,employed,422505.69,2026-05-11T17:40:35
585dd51a-39bd-405e-ab36-3dcf4dbd177f,55,429131.88,714,unemployed,824126.54,2026-02-06T08:09:28
b71b1b1d-5f94-41f1-9c44-607a8a4b92a8,21,209234.84,812,employed,962297.01,2026-01-01T02:10:16
47bce0d9-22b3-4cff-8a20-c37773cecb65,35,259247.94,415,self_employed,440984.67,2026-01-27T23:37:35
f9628e74-3c56-4db4-8078-5f99b2e0489c,51,43503.02,526,unemployed,139317.92,2026-03-07T18:55:03
7f62eae4-1d97-4d9f-a8f4-d415f88f96ab,41,337008.67,786,self_employed,943403.03,2026-01-31T20:15:22
290feae1-75fe-46f5-afa9-0115559d482a,62,475784.23,813,unemployed,182223.67,2026-05-01T03:37:07
e0764df0-9462-4ff7-9716-8c8de40bf285,66,44290.89,410,employed,4382.86,2026-06-10T02:52:35
3ce179ad-41c5-4e68-ae87-8e868942720c,18,200770.19,320,employed,956266.04,2026-05-03T04:15:24
406991db-9744-46a0-8a67-9c4b90f1f667,24,27349.2,448,self_employed,599568.01,2026-03-27T20:29:41
8d1b131d-8c0e-4e3a-b7ac-1d9bac0dd0e1,50,118183.86,390,unemployed,573616.2,2026-02-12T00:40:17
a3d828a5-8f51-448b-9d32-ef9820394de1,61,446925.68,576,self_employed,676239.4,2026-04-30T07:10:16
59c9b6bf-770a-4c5c-8632-02610f761e76,42,123598.55,427,employed,410120.64,2026-05-08T10:40:08
eb7954fe-f876-44be-a0a7-c0d24fa10ed6,28,279989.75,461,unemployed,849210.28,2026-04-09T00:58:09
b99f0dd3-f3b7-4fed-b0c0-df84e4abe68a,53,448391.67,617,employed,67847.49,2026-03-25T14:05:04
06864caa-679d-4385-ab39-d43ef2c67791,31,270080.86,557,unemployed,818884.17,2026-04-07T21:24:50
6264a95d-5f4e-4909-8cb0-3e670156a5ba,22,330875.67,330,employed,453035.0,2026-04-30T08:37:43
3a2fa15f-86fd-48cb-9bcc-c83243e08b3b,28,315828.87,402,employed,748766.5,2026-06-21T10:25:54
8f57e913-95de-4746-990e-33e08c1f6812,68,200548.83,456,employed,471504.22,2026-04-13T09:23:56
cc6ee590-6f33-4a2c-ba99-d32ca5d141a6,42,191928.71,425,employed,580061.06,2026-03-25T22:48:24
83936271-6269-4acb-83a4-b2fd62669290,53,217330.92,337,self_employed,787503.27,2026-06-14T20:18:25
6b548de1-a06d-4962-a627-62b61bdae740,59,122776.58,746,self_employed,873042.88,2026-06-09T20:20:48
28806adf-bcb9-431c-b85a-fe5362b55417,52,315978.8,396,self_employed,718145.73,2026-05-05T09:12:06
31bf5dc7-18ca-4fba-a54b-f6be0de06c86,46,353658.53,352,unemployed,605045.51,2026-05-20T13:50:31
5ba47f03-68c4-41c6-bada-baa2a8be624c,56,229688.0,836,unemployed,213774.9,2026-05-16T14:07:41
50bc94b8-9c9e-4d88-ae0e-9659c05f2e2c,43,105231.65,372,unemployed,522413.16,2026-06-02T19:59:49
930fd0af-c0b4-4723-b9e8-bf3bc9359294,58,409348.57,340,self_employed,25708.36,2026-04-21T02:02:26
94075249-00b9-419d-b252-039c3a5bdc16,27,61210.58,462,employed,731160.89,2026-06-07T15:29:28
c5db8775-70a2-4e1d-99b7-e9f2f70a4cb3,23,272625.34,396,unemployed,625356.51,2026-02-10T20:50:33
b8a85dec-6f07-4a82-ad03-9b105cffce5c,52,306648.27,565,unemployed,768887.2,2026-01-13T19:37:24
2abef169-3c5a-40b3-a535-32d576479260,60,332791.77,460,unemployed,661668.9,2026-05-31T13:55:29
9d6029e3-d823-43dd-aec7-55723ecdd832,60,244436.23,726,unemployed,893712.82,2026-05-26T16:25:03
293cdd05-e5bd-487f-8445-82f27e022f05,25,22700.54,312,unemployed,264000.69,2026-04-05T07:49:37
e7c6760a-48c1-4f56-ad3b-3272772a2276,48,38503.6,515,unemployed,510890.22,2026-03-17T12:18:42
69197de6-712d-4139-81d7-02efec469e2e,41,363695.32,612,employed,520296.67,2026-04-30T09:04:32
a07fbc48-cd16-498b-bc16-b8514991743d,33,412388.83,426,employed,209498.08,2026-05-21T12:27:33
405ed011-96d5-4d56-aa10-3ba2274f7d1b,26,226480.34,648,unemployed,707227.37,2026-01-19T13:20:00
2348b290-3643-4c33-b739-effdaa17180f,48,215483.25,527,self_employed,958580.58,2026-03-24T05:30:17
95f341f7-ae26-4198-9d0e-28b4724c6950,32,89145.42,589,unemployed,568952.49,2026-05-04T12:36:29
f37d92a7-dbad-4059-a93d-2804460bde34,54,203406.02,325,employed,83321.96,2026-05-01T05:32:14
0a967f41-789b-48ec-a58b-d5349439913a,41,36363.06,785,employed,757497.22,2026-06-25T12:36:43
90f61736-fe32-4a64-b23d-c0b2e5fe0899,27,486964.59,686,self_employed,100820.45,2026-06-03T23:03:53
489c708b-2c01-4f24-8733-809e43dce41a,41,496163.5,484,employed,519929.35,2026-06-22T22:16:22
dbc1d021-0b5d-4fdc-9b8d-79a3d7ab9f24,27,98297.81,679,employed,256081.43,2026-01-21T00:25:15
ceb414e7-112a-46a3-8e35-1e94921a62f1,34,77050.1,677,unemployed,762807.46,2026-02-19T03:46:38
4c13e427-f46f-4fa1-83f6-87b350c1ab5e,27,104557.83,665,employed,278031.76,2026-04-08T10:44:35
bdb42031-cc0b-4061-9605-a4b8c4bb4cfa,49,221404.43,530,unemployed,68409.72,2026-01-06T21:13:32
85ad1c4e-f140-4b85-8307-a2c444dd7ac3,27,372115.98,598,self_employed,2347.76,2026-03-23T14:22:57
0e4950c5-2053-4b45-8265-4a2de17bb97b,33,439144.63,839,employed,922539.15,2026-01-25T07:13:02
3e417c7e-11db-4770-8799-8bfb78315dbe,19,361997.6,587,self_employed,227953.54,2026-05-15T20:24:46
59373b87-8d49-4635-9838-8ffe4d93e6f0,55,50361.29,603,employed,864193.47,2026-05-08T20:14:24
1f8496ea-c288-42dc-87ee-79981014bef7,21,75342.96,808,unemployed,464787.19,2026-06-28T16:33:31
0c6583e8-eda7-4b15-b016-100275045dbf,45,440817.08,633,employed,469690.9,2026-03-22T12:31:35
26cae79d-11b9-49c8-a304-8aa5c4479757,49,346198.33,409,unemployed,760564.95,2026-02-05T13:56:30
ebf178b8-3a8c-4463-a56c-48ddedb3d2d8,68,471103.59,649,employed,999169.72,2026-03-05T09:27:07
d46e74f5-e03d-4e77-a61f-4c74d598a2d0,25,127698.28,728,self_employed,912269.98,2026-03-30T03:11:53
2aff272e-e317-4a92-8ded-a29c0ef17abb,47,123089.94,479,employed,756545.86,2026-06-15T14:58:46
9b82be40-d79d-4817-beb1-6ca95fa471ef,39,328294.31,340,self_employed,633924.41,2026-03-07T14:28:44
81d1da6f-9a2a-46f2-a9ab-96068b3226f6,21,163108.99,434,self_employed,31062.31,2026-03-04T20:14:43
d1f71730-d1e8-459d-b58b-1637899eb3e2,61,363541.56,803,employed,569516.81,2026-03-17T11:40:53
2c1a2774-d163-4f44-9db0-edaa9cbfb731,39,457855.21,305,employed,729053.93,2026-01-08T04:56:30
568f1e2d-d2a5-4c91-9242-38d83abace90,52,121704.24,502,self_employed,839631.5,2026-06-09T11:13:35
f372c0bd-b6bc-4f34-bb23-698ddf7ae90c,63,182745.38,423,self_employed,768087.77,2026-03-24T01:37:21
c1b314ef-d374-4a35-bbca-1386b41578b9,36,311583.68,432,self_employed,481921.53,2026-04-13T00:09:26
ffa7a1e4-17a8-49c1-a082-610f3172d03e,32,49204.69,361,self_employed,54591.86,2026-03-09T03:23:55
228caaf4-39f7-4bae-bb93-a6daa1813246,56,66931.62,302,self_employed,940531.55,2026-04-25T15:26:50
44e2967e-b93e-4821-b5a0-094cfe164444,48,194089.03,656,unemployed,98793.55,2026-03-21T12:21:25
9bbaadd9-fd85-46a7-9c64-dd77071b3bb4,38,286155.98,450,employed,145494.19,2026-01-12T21:03:17
7fe04e82-cfba-4c40-a5bd-185ab5c67358,29,177449.82,775,employed,410392.97,2026-05-16T04:53:16
8d95d766-81e6-4fff-bc43-ac44f584da2d,62,108239.03,413,employed,655524.02,2026-04-13T22:01:32
908459e4-38a3-4460-b79d-93848cab6ff1,29,358603.04,453,unemployed,438929.31,2026-02-12T11:42:33
75828d00-763a-4011-9c73-9adbff546d7c,26,398983.12,651,self_employed,825261.82,2026-02-26T13:57:22
da496e8d-af73-42a2-acfb-155a48bd0604,51,38571.29,339,unemployed,171053.06,2026-03-15T19:44:22
e3e1a268-5582-43d4-a020-4b38327b6730,39,360283.03,539,self_employed,357619.92,2026-04-20T00:11:47
c9e8ba3c-f400-4951-8e84-a78b69914751,26,282201.6,782,self_employed,85238.0,2026-02-16T08:47:33
f47d8a4f-3873-4a07-9b3f-2dc835237a4c,40,287445.67,592,self_employed,951558.02,2026-05-03T17:37:34
1772cb51-6227-4bfc-833d-0e251c6000c1,49,60985.46,596,employed,49120.33,2026-02-12T12:43:13
2d18707e-29ba-48e5-bba1-ca05682691f7,49,55050.41,673,employed,766816.02,2026-06-27T02:49:00
9a77089c-8410-4055-b6cf-3bce9e53fea4,45,148615.42,516,employed,259082.84,2026-04-29T18:52:51
a64608e3-0f97-4303-89e8-8eab67683f66,51,192630.62,518,self_employed,647480.6,2026-02-12T20:05:17
f383b0b2-2b9e-4244-8246-feaa752e794f,47,178661.54,531,unemployed,771073.53,2026-04-01T02:56:25
1828d85a-51b8-4a1a-b2f1-858052a4788d,70,476365.13,668,unemployed,418369.72,2026-06-18T17:09:32
2572609d-4510-4276-8fb6-576ce788a9d7,47,409796.29,634,unemployed,838720.23,2026-05-01T07:20:22
8945ad1b-d088-4bf2-829b-94ad5ff874c6,46,79437.28,721,self_employed,758760.03,2026-06-15T12:33:45
a44520b1-ad09-41ea-82f3-ae3ac1bcf929,40,383441.82,520,unemployed,153857.34,2026-04-13T00:42:31
c863a561-5bce-4d4d-a8ff-93bd7d4a753f,20,266858.92,414,employed,79165.61,2026-04-09T21:34:01
31ded968-cc7c-458e-a8a8-f500fab70f38,38,475738.3,358,employed,463472.47,2026-02-04T05:00:48
8f8f92a1-b9cf-4d4d-a8d3-520d2c6b2843,37,354418.21,531,self_employed,41253.14,2026-01-13T15:31:53
a3a8f410-06c9-42cf-a1d0-3c2129b0ddfc,29,77561.54,811,self_employed,778495.81,2026-04-18T21:18:42
f22d5c8f-8d36-46f6-b63c-6216654a9a32,68,24115.92,736,unemployed,24275.35,2026-03-07T06:29:23
b5823653-3b5a-462c-9220-767a95d92aa0,21,455825.27,797,unemployed,567029.46,2026-04-29T01:14:35
1a4a0b6f-ed22-4c25-8276-2b4ab03ed4f1,62,257211.67,723,self_employed,295565.06,2026-03-27T01:29:11
28ead08c-e8f0-48c7-b7a3-7bcae139485e,69,437703.61,481,self_employed,348741.73,2026-03-02T09:43:28
31e38189-d751-48f3-ac5c-829104169d48,41,245340.73,809,unemployed,865611.7,2026-05-09T05:12:57
b8ba6d61-a24f-4cf8-a683-43c8b932b644,30,330308.88,664,employed,76558.44,2026-06-01T01:42:14
2213167b-5686-4be0-b81c-f1586827eb36,65,460728.39,561,self_employed,804959.13,2026-01-26T16:59:32
8a6c4742-3cc3-4a81-8500-2c1e6f60002e,45,290934.29,336,self_employed,479816.99,2026-04-09T11:47:38
6507649d-7a95-498a-a4f2-d7443576eb2a,35,141983.08,447,self_employed,338968.48,2026-05-07T17:58:15
0607d66c-9991-41ad-a25e-54615a68fe96,67,133554.39,305,self_employed,655091.76,2026-02-18T06:42:17
64fcc371-9b4e-4410-bbe7-e8b980c2be55,54,386969.39,756,unemployed,468510.4,2026-02-06T17:38:21
b91738b9-cb35-4d3a-a564-d5893a3e79cd,53,372075.05,443,unemployed,332977.8,2026-06-15T15:44:32
3af9e9e5-74e2-42b5-9dfa-16a332e40fc4,70,52109.23,349,unemployed,643219.6,2026-01-08T20:01:38
abf62bcc-e0df-48a3-8679-fbebc98bf243,54,471345.59,358,self_employed,440362.26,2026-03-18T07:14:05
3d9fccfc-e698-4631-8659-ce5edf44aa12,20,271286.22,561,employed,41189.4,2026-03-31T23:05:55
85312222-68e2-406a-a082-c95dd11f315e,62,451520.13,646,self_employed,717833.24,2026-02-27T12:10:55
fd0a88bb-05a5-48f5-91cc-02c3e52863f0,19,149349.58,702,unemployed,88451.36,2026-03-15T12:33:04
b75974b9-73a0-4ce3-94b2-531048efa9d7,63,412425.46,340,unemployed,773204.0,2026-03-03T18:53:13
649d62af-7a11-452c-aad1-72dd7f5e659e,62,368130.73,577,self_employed,616846.42,2026-06-15T23:37:13
269caa56-149c-4dc4-9d35-12dc1c8396b8,27,169277.81,371,employed,63258.16,2026-02-02T09:23:59
cd8550f9-ad55-4e7c-9a37-8fd0f33fd25f,67,264161.94,706,employed,109033.57,2026-03-23T11:17:50
6ed32337-b895-4aa6-afe2-f0d02b1dabdd,62,86080.53,672,unemployed,517573.01,2026-04-19T08:26:46
747718a3-d081-4938-ae0f-eb31feb32182,50,391223.46,483,self_employed,882047.4,2026-05-26T04:43:13
a869bd0b-97d1-43b9-864b-8fb41f00b4a0,43,272289.25,547,unemployed,778523.42,2026-04-11T00:06:17
a9fdf385-dfe2-4e58-8b02-29c6ceb08853,58,124775.75,319,unemployed,834658.38,2026-01-17T20:48:46
19ee9a37-d6f7-4d7b-9f10-88969e84bda1,23,416920.91,778,employed,801458.54,2026-06-29T22:13:54
037d3abc-47b8-4084-a59c-9054618c0c5c,41,340497.47,310,employed,890112.83,2026-05-09T19:29:38
56471a38-7e9b-49bf-87b8-ffc5182f71d7,53,174332.0,317,employed,814705.74,2026-01-08T02:32:05
85cdd7b7-4651-4dc1-aaae-6d07da0c5530,21,412185.52,476,employed,433024.31,2026-03-07T10:25:25
3f3bd35b-c102-4d63-ba41-57127cf0d429,53,153187.84,541,self_employed,862394.33,2026-01-13T22:55:28
74719fc4-3bf0-4806-8d52-cf6af94b4d04,63,134697.83,637,employed,46021.54,2026-04-28T11:15:39
71a3b878-e28d-44c0-86aa-663dcaf4dc54,53,265431.88,476,employed,544757.98,2026-04-02T06:53:37
a469a79f-bc97-4b8e-8eb3-e2a7079de0b5,27,183093.06,658,unemployed,380486.28,2026-02-03T20:26:11
e3c93bed-3c70-4399-bfca-c4efa0631868,19,278151.86,463,employed,860216.85,2026-04-04T09:09:35
4f6793fd-b202-42ac-a0fc-658afb98863a,43,242957.15,835,employed,404880.46,2026-02-13T00:04:58
50f14a46-0543-4e61-a894-af7d3e8ac1eb,58,97458.32,646,self_employed,814987.36,2026-05-06T17:19:45
9be624ce-4cbc-48e3-8f0f-84b67a1ba7fd,52,292220.71,693,self_employed,434235.25,2026-05-17T04:38:52
92cab836-70dc-466e-8284-b114ddbb59df,44,251702.24,425,unemployed,434543.29,2026-06-21T14:31:45
3dbef5f1-191d-4895-ad4e-c61b993a2fe4,46,192748.67,478,self_employed,687079.07,2026-05-06T23:14:02
53a9418b-6bd2-474d-8b3f-6c7afaa60728,22,29667.58,308,unemployed,713922.23,2026-01-02T08:28:51
1cf1d59f-1a11-4aca-bdc1-a2b7208812db,58,486874.19,527,employed,815120.25,2026-01-04T21:03:31
3b11770b-9899-4a60-9ca8-14d679d7d524,41,119297.33,300,employed,67590.07,2026-04-11T17:29:41
17152403-720d-4663-9bed-ba817aed001c,23,45879.1,470,self_employed,665247.8,2026-01-17T23:40:14
68a3327a-96a1-4735-9ba5-9b6c6cfbf639,54,252959.56,448,unemployed,203328.83,2026-01-30T20:04:02
fac619d9-9715-4884-8b2a-433453d6064d,49,40560.0,330,unemployed,20354.81,2026-05-20T08:52:12
aea4227f-8240-41fe-8d09-f04400750e6b,68,381776.88,693,unemployed,926145.06,2026-02-07T11:50:59
215c082e-7ee1-480c-8698-4f13723d3e27,64,177949.55,393,self_employed,974377.12,2026-02-12T16:36:12
7e0d1982-90cf-4048-a379-5d47ddf98157,52,227102.66,488,self_employed,85975.43,2026-04-27T14:00:47
75617098-46c3-4626-a412-a1715d599d64,62,390996.64,682,unemployed,132145.07,2026-01-25T06:21:25
41ed6616-86a6-4d0d-ae14-194e7535ad9d,19,267263.97,550,employed,474992.19,2026-05-03T09:29:11
04458a5d-68d2-4d31-8b67-2238c408bc5b,57,242224.28,431,unemployed,877750.82,2026-04-30T12:35:33
bc72598d-96d8-4b9e-9861-aa3832a36e39,57,193090.84,795,unemployed,326272.59,2026-05-30T12:48:34
6c2d26ef-4138-45c3-a1ea-2e50da108908,36,150473.44,338,self_employed,73657.27,2026-03-19T10:14:02
f6bebb9c-0e60-4bcf-98b6-04397faeb65e,44,30069.04,446,employed,806859.12,2026-01-27T08:53:49
1649bc47-30bd-4d5a-abb1-1079533a5707,54,286573.33,369,employed,552117.5,2026-02-19T19:26:02
42606de2-3c28-4109-a4d1-5aab86ec90dd,66,366449.33,537,employed,744903.97,2026-03-29T14:28:53
4845a01c-e0ed-43bf-ba9a-43cf4a1bbbc8,56,422963.16,640,self_employed,34575.06,2026-02-22T15:11:17
ed15b496-02f9-40db-956d-05fae37a6eb6,52,89432.29,412,self_employed,965764.84,2026-01-18T22:42:39
a1ff1086-33a1-4c1b-afff-d44594eb18e3,48,239464.57,346,self_employed,428806.24,2026-01-16T02:42:21
f3249f72-657b-4163-aebb-72f51f30adb5,48,77562.53,756,employed,39520.9,2026-04-02T06:06:51
863f4a9d-1141-4d4a-b99a-c8f75d3acb02,18,281691.95,587,self_employed,305149.15,2026-05-18T13:25:20
3e9a28f7-6cc9-4431-a197-043d0c87e496,18,355684.88,819,employed,627140.16,2026-02-14T10:43:54
63eb6ca7-2374-4616-a31c-d716aaf99fde,32,260983.47,355,self_employed,824931.23,2026-04-25T15:57:43
01968626-e526-4d0e-97fb-99437029822c,47,325106.55,408,employed,759225.31,2026-02-15T00:35:10
f3576ac3-247b-4378-bd01-8baa70dac3b7,49,470833.09,649,employed,981553.83,2026-02-05T17:12:18
3ffa7ffd-4298-4076-aa11-f4a656cd57d5,18,34787.53,497,employed,518280.74,2026-01-16T11:12:12
2c30e404-afe2-4547-841e-1913a61b137d,29,453095.39,658,employed,273639.19,2026-03-02T23:59:11
6ffd8a07-f2bf-472d-bc1f-4ab55050750f,56,101125.38,370,unemployed,202819.17,2026-05-18T14:12:31
18faec86-e651-4a62-a9aa-c8b28bb4eea9,41,364593.61,304,employed,933644.14,2026-05-13T07:32:25
18ffd4d9-7e8f-4636-93a9-a266591056aa,34,135306.8,564,unemployed,738535.34,2026-03-07T12:27:47
f98fb343-d82a-4574-b44d-be85277d4560,18,465451.53,469,self_employed,810738.52,2026-05-23T09:09:48
e107e52c-aaec-4618-8f7b-855ec84a7669,22,135145.9,485,unemployed,783787.49,2026-02-01T06:49:06
f0b72167-f868-4775-a4ad-25cb0d334cb1,63,234448.07,478,unemployed,961966.17,2026-01-24T16:40:50
9ce11e5a-836e-4591-aff9-d685fae70e4b,21,166975.38,459,unemployed,35403.32,2026-01-14T11:31:34
17eb440b-75c6-47ee-917d-28952d302424,67,75738.36,329,self_employed,980511.57,2026-04-21T07:32:10
b2ca3eb4-8566-40d7-ac08-2d36f734b960,38,492730.74,719,employed,674647.39,2026-03-31T17:52:06
908d5cd4-4933-4f5e-b94e-2962e820b8be,36,218967.13,676,employed,838949.28,2026-04-30T07:21:18
541252ad-c520-46d1-8f6b-78308f930fef,33,336350.73,379,employed,789162.7,2026-05-24T20:34:55
16f683f4-e871-4aec-94ad-750351e9da87,60,240418.82,304,unemployed,22134.51,2026-03-08T05:07:29
916bd4e1-9d34-417e-8ff0-2df2c363422a,50,161188.86,472,employed,240816.45,2026-06-08T02:59:37
16275d1c-7ef4-4e7b-b9f8-53b874e67cab,48,396132.65,780,unemployed,419409.26,2026-02-09T08:38:54
a6192858-f6d9-4dae-bcc7-46a3df2b4223,51,210618.84,597,employed,847860.33,2026-05-19T17:28:04
91b2c202-d8a7-4807-8b96-222d32e12f2e,43,148067.0,606,unemployed,225424.09,2026-04-19T11:10:35
e08f7823-0b4b-4e51-a2a5-3abfbeec25d5,22,199519.46,801,self_employed,211720.03,2026-05-19T23:03:39
da870c07-60bb-4d3d-b3ab-6ca132e89a35,49,28845.51,463,self_employed,17038.05,2026-03-30T03:17:13
b9bda6d1-f45d-4ce2-a507-12061d52e6d7,46,223752.87,523,unemployed,20056.39,2026-03-22T18:38:04
2c19275c-06eb-492b-ac9b-9ee1fdc4cc60,63,384159.21,528,self_employed,933833.96,2026-06-26T14:52:47
5f1e9914-8a52-40c9-ab34-b10fce3dadc8,31,261306.61,795,employed,61647.15,2026-03-17T04:46:53
e22f4c45-d89f-4eb2-8808-2028d19e12fc,18,261342.1,732,self_employed,549968.1,2026-01-17T01:17:25
5668dc01-625a-4f86-b803-45e8059b6d4e,60,475888.27,348,self_employed,502465.66,2026-04-27T07:29:31
e7876a32-1138-4165-bf64-a036a8c4c7ed,25,228311.26,558,self_employed,711466.02,2026-05-24T18:04:30
1f62711d-5efa-4f58-a788-2485b6ff8720,39,392958.93,640,self_employed,498697.93,2026-05-13T21:38:42
b2a12e2b-5f1a-4481-be90-3e2c285917be,69,447629.3,420,employed,376698.48,2026-04-23T22:18:53
a9c0b0ff-76e4-4d76-8292-da0f2bc380eb,46,449515.02,751,self_employed,637885.14,2026-03-05T16:11:31
992bfe58-c94b-4fb9-9ee7-d8fa07404463,41,114802.8,597,self_employed,880918.49,2026-01-24T09:21:24
c377e4d5-35d8-4d59-8f28-50c8b6de776f,45,273537.21,400,unemployed,396625.52,2026-04-23T12:58:06
ba5d9e9a-6e8f-464e-98aa-678dc5ffd2a3,44,357667.15,314,employed,917509.81,2026-03-30T17:48:26
c1d2a88f-fedc-40fa-86d3-22558a3181eb,68,391674.74,323,employed,143323.61,2026-05-20T19:25:54
5934888b-a783-4427-a30b-fa654dd16835,39,157364.92,720,employed,932771.19,2026-04-24T21:44:15
72aa0f9a-7fa1-40fb-bbb2-6e0bf9aa90e8,24,273595.53,758,unemployed,658111.42,2026-05-21T19:43:35
19b5034f-ab68-402c-b7dc-221c0cac4a41,65,320312.35,493,self_employed,504076.28,2026-06-07T02:47:36
b556f077-1833-4979-8c73-def55ab9c9ba,48,420088.06,583,self_employed,714323.82,2026-05-21T05:25:59
00bab595-2b23-417c-ba89-087f82ad18c5,52,347174.38,484,unemployed,487451.21,2026-01-24T08:47:11
948ceaf7-4c0a-470b-9020-091e0f5518a7,32,144735.11,554,employed,722111.73,2026-03-25T08:12:16
8c091fab-91f1-4e1a-bb6d-c497cc42f12b,31,180276.85,395,employed,931622.33,2026-06-15T08:14:06
7590d331-80d8-4065-80f7-f779333d4197,22,473787.95,651,self_employed,677074.7,2026-06-18T13:44:12
c011fc33-b27a-44dd-84c1-e551a33a61f9,63,99018.73,604,employed,603150.09,2026-04-10T16:18:41
54d672e1-e871-4a8e-93c2-bbe6f37353a4,36,419615.65,743,employed,839540.35,2026-03-24T00:20:28
f2b31708-3565-4e0e-b6f5-49c75b73eda9,51,488025.93,785,self_employed,959388.1,2026-05-26T00:54:33
adc6f30c-9156-4330-982b-12f27b162c0e,61,221158.72,357,employed,857243.96,2026-04-02T11:32:34
50676d84-70d4-4aae-be32-4a8545e526cd,63,90741.43,566,self_employed,501167.01,2026-02-21T00:01:03
599aa37b-5a6c-4181-8df7-348a20d42805,66,211234.17,748,unemployed,474708.95,2026-02-08T16:10:24
1703d41f-102d-4d9c-9b61-632e0b5c0786,58,454370.38,379,unemployed,420786.38,2026-03-12T10:43:13
898a0060-3fe1-4753-93be-70f88ab2c05a,23,439987.47,391,unemployed,513727.26,2026-05-07T19:52:20
ba3395da-5ca9-40b8-9a94-a2b5528a6250,51,407777.47,439,self_employed,561565.5,2026-04-21T14:05:58
ce4710ae-20f0-4bb6-86fe-7afdc9320e97,27,69043.97,330,employed,720735.62,2026-03-14T05:41:15
d317a4c7-0e06-4606-9285-40f38c6871a1,26,347458.99,778,self_employed,10857.37,2026-04-02T05:22:34
546f0cb8-e0c6-442e-8978-59e7098c4b1c,29,64399.04,436,employed,523562.86,2026-05-31T17:16:57
3d564c3f-8503-4db8-8523-ff3567d37c1f,64,420686.77,746,self_employed,489317.71,2026-05-02T04:49:08
73301bff-28dc-4e06-872c-69e7fe255976,66,42119.31,430,self_employed,221782.33,2026-01-03T18:44:18
00c57362-0771-4a85-a666-c168383e17c3,29,412053.65,527,employed,173635.38,2026-06-11T12:58:25
b97cdd24-c086-4cd0-be22-3711fbaf213d,45,454560.76,674,unemployed,312944.32,2026-04-17T04:15:44
f6e65395-6ea2-4ad5-875b-42725164314c,35,70274.99,600,unemployed,175212.74,2026-06-14T21:02:17
2c9488a9-faac-4637-a0e2-e3b7186e40b8,37,84751.8,320,self_employed,401513.05,2026-03-04T14:02:30
c7fa0686-e287-4034-ab48-f0d3f857c8da,61,492861.16,524,employed,255933.1,2026-01-18T19:06:37
c3f60491-c914-4f60-b034-538a52737c9d,41,221154.93,385,self_employed,912713.66,2026-01-11T12:57:41
13686597-0df4-488a-9cb8-f54469ae9885,29,160361.94,786,employed,131638.33,2026-04-17T20:54:06
6c0bea78-2f89-4eec-bff8-89882f3cb24f,68,38351.41,761,self_employed,226024.69,2026-01-15T16:49:41
c8fc4a58-e52a-4851-892b-ea263b21c6b4,53,78138.11,768,unemployed,918469.12,2026-06-13T18:20:10
7b129c84-3854-4674-9955-31573e31c57a,37,466924.1,467,unemployed,847319.33,2026-03-11T16:29:50
4e408e90-1072-426c-b657-f0c2e0c259cc,34,494439.27,450,employed,618427.14,2026-03-19T15:30:45
2d269ef2-4388-4605-85ee-30025c6d1db8,23,390599.03,551,self_employed,422350.13,2026-01-13T10:09:02
9cfddfca-0791-46cc-83b9-17522a6e3392,44,261634.81,647,employed,973783.12,2026-01-14T08:23:55
b5a3d47c-769b-4b2a-90dc-dabe405b2c86,38,40713.91,535,employed,379656.49,2026-01-25T16:24:53
77541263-2087-421d-b0cd-09b37fd42f30,33,349712.2,837,self_employed,56807.91,2026-01-27T18:05:42
3a2ca0f9-74fc-4767-bc59-9100f6a21233,23,312314.49,314,unemployed,304534.74,2026-06-20T03:11:48
961f357f-6c26-4bbc-b0a8-83e3bcebd062,55,260781.59,502,self_employed,75265.28,2026-01-02T12:59:54
0c7de2b6-8bff-45d5-b07a-212427c42114,55,121728.04,805,employed,751477.0,2026-01-13T23:11:19
37ad1f8d-dc54-4e68-bee8-b3c675c8fa6b,35,108090.09,528,unemployed,761430.07,2026-05-14T21:29:32
3e5de676-e9ab-4503-ac88-7f43670248d0,19,450065.85,635,self_employed,845169.16,2026-01-05T10:14:54
1c971b9f-401a-4d26-a7c3-81a4421d62dc,43,76297.68,665,self_employed,15631.35,2026-06-17T07:05:03
b5d270b0-087d-4477-a706-1532d626897e,54,390495.27,338,employed,218546.89,2026-01-19T12:09:13
50a91498-dae8-4493-a81f-f932d2e36b88,70,166372.1,362,employed,834679.35,2026-02-16T11:57:26
64f71dde-0886-4b17-8a86-6a18f83722ab,43,64051.43,630,unemployed,975258.01,2026-06-13T04:38:21
d6eac361-b43f-4034-8884-73cfaadc818a,32,395997.21,764,unemployed,672070.98,2026-06-12T12:16:00
3e64a065-0d98-47f2-99e7-3c508cbf7120,20,131625.21,639,unemployed,371241.06,2026-03-06T02:10:18
a52cd7ae-7f15-430d-91dc-7489a7d29cd8,23,145482.43,527,employed,962040.51,2026-06-20T21:35:42
cade5d23-474b-4d4a-adb4-cd050e1709c5,32,75992.84,801,employed,313019.38,2026-01-25T15:01:17
2dcf0ad1-ff0e-4dbe-ac86-41dcd52d13b2,32,63112.24,364,employed,53239.66,2026-01-19T03:42:07
188aa644-5315-4f17-9480-808581efdb0a,51,134567.27,710,unemployed,241039.37,2026-06-07T20:11:42
a0417554-06f6-4b8e-ac6b-3764c4691842,53,365246.67,542,self_employed,56347.57,2026-02-26T15:19:04
71b5550c-d588-4d70-9340-c476dd439b4e,19,183276.44,691,employed,869095.18,2026-04-26T21:10:13
123e4b5c-682c-40fa-be7f-a65a921948ae,52,290639.06,629,employed,687756.17,2026-01-06T10:52:39
e576aca3-e1ba-43e5-9dff-f17e40efbd60,44,145214.59,847,employed,342013.72,2026-05-27T14:20:59
0aca797f-722e-4fb9-92db-14cb182bbe2e,51,138144.56,679,unemployed,269558.83,2026-04-25T19:50:32
52792965-08a3-4e2a-885a-9d124c1a3e01,24,353370.06,554,unemployed,580954.77,2026-03-18T06:24:29
ad29514d-6fa8-4f9a-8cf4-2570dd71b31a,54,343631.02,665,employed,692515.19,2026-05-11T03:22:25
dadaee9f-2c18-41ee-885c-0317d77817c8,51,223106.5,634,unemployed,401151.2,2026-03-17T04:20:35
cbc5f301-3b60-47e5-941b-42be504ae7fb,28,332397.46,531,employed,769831.93,2026-05-09T01:14:18
4d44a8a5-b406-48ca-8d3d-56171cd19ce1,57,75214.02,588,unemployed,799470.96,2026-04-03T08:25:32
4668a00c-2471-4b67-b428-17746d164bfc,69,197600.52,359,self_employed,881729.77,2026-06-15T00:39:53
b3830f9d-6873-482f-83a4-1394dd375156,38,317124.92,491,employed,227285.99,2026-06-15T02:32:45
66643c83-a7f4-45de-a7dd-910409deb2ad,46,153501.94,571,unemployed,253937.1,2026-02-24T10:17:10
ea5c0f7e-4b3d-4e06-895f-537df50c9330,32,276444.35,845,employed,68588.5,2026-03-17T15:48:17
896c1ce7-a9e5-47fd-b1c8-2c4d13a59554,44,195547.28,312,self_employed,731019.37,2026-06-30T05:14:32
d678b909-bc4e-4f85-bb0a-c7123cd41c62,43,93415.11,368,self_employed,40999.42,2026-05-03T12:50:56
99be8c20-8d36-4279-82da-9e33dcc29c71,53,367628.37,390,unemployed,87478.74,2026-03-10T15:46:49
b846c247-0c36-4179-9643-90bdd3fbf561,19,62046.61,604,self_employed,569770.76,2026-01-08T01:45:02
915ad04b-dca5-4e78-bf48-cd6d1f88d84e,66,40119.6,569,self_employed,563279.17,2026-06-03T06:16:45
4f367df5-765b-4014-969f-60980a8dad61,68,81364.06,388,self_employed,566247.17,2026-04-24T21:04:44
2f98451b-76a4-40e1-9e61-e38bb9e2fcad,28,109926.99,593,self_employed,348830.53,2026-01-07T16:50:54
bc4a514a-dd98-492e-bd9f-2052d1a319af,35,61002.47,610,self_employed,859222.65,2026-02-23T09:08:07
f1239196-01b5-4c37-9269-76b529732da5,31,304676.39,828,employed,774921.99,2026-04-29T07:48:44
dd3b97b9-52d0-4f7a-abfb-5c5a348640c7,65,117276.59,399,employed,289225.18,2026-04-24T12:50:37
3dabb17a-ef03-4707-8f21-4c56fb965d63,30,311410.87,643,self_employed,137952.76,2026-03-25T17:38:49
dd345e99-6781-4c23-b015-7bf8763a30e8,68,307977.45,638,unemployed,97905.16,2026-04-22T13:50:03
2e3e3fee-95f1-4567-9775-47750e785855,33,30542.12,675,self_employed,105710.48,2026-03-13T12:46:44
d977c64d-f3d9-47dd-bd2c-ba9a80cceb07,53,338733.27,626,self_employed,729418.06,2026-05-30T11:25:16
e66c9625-1979-4fdb-ae0a-0b5396e0c95f,26,195088.61,502,self_employed,74524.43,2026-05-27T09:25:57
87825c93-6169-46c8-9cfc-b855abe9db4a,19,229358.34,780,self_employed,764783.59,2026-01-26T05:42:08
df83d7ae-256c-4f41-a842-dade860330e6,20,354982.58,614,self_employed,923131.87,2026-02-27T05:50:48
f1d32927-76a9-4587-85ab-f475260ac96b,23,431890.44,731,employed,115091.41,2026-06-20T08:58:58
78709d28-76bf-4d92-a963-65ec799f1e44,20,280965.82,789,employed,886884.0,2026-02-23T15:23:26
55abe12e-77a4-4836-bd72-eaf7eb54980a,52,222059.58,594,employed,607566.37,2026-01-14T01:04:48
a55ba7a2-12ef-4b38-ab9e-0fa9fa61182b,32,386371.49,739,self_employed,74016.6,2026-06-17T22:41:29
6b2676e0-62ad-4fe2-8fe5-29be3d6743fb,63,329413.35,692,self_employed,384640.59,2026-04-20T06:36:56
c40e50c3-56d7-44f6-b3be-9b758d8fcc2f,31,305332.81,706,employed,710417.23,2026-06-13T22:40:04
e17ae9bf-8645-4102-9a82-abebfb20c775,45,43476.64,410,employed,454110.49,2026-02-22T13:07:25
64fee8e2-fa97-44c8-8328-cf64351fad2e,19,223683.03,744,unemployed,667696.42,2026-06-02T20:10:11
14924785-bc80-4fa4-aa10-bb575a0d43b3,52,499211.06,834,employed,926154.52,2026-02-20T11:12:37
b8f0c9a7-cf7e-4bc1-8886-64c45da12760,23,207345.28,336,employed,899856.18,2026-02-25T23:12:42
9c214fea-ea93-4236-8d1a-c270a7139000,18,372521.8,554,unemployed,75918.83,2026-04-06T04:55:30
99bdcd7e-8edd-4a4f-a525-7aeeb652a6fa,26,385190.19,688,employed,96603.52,2026-04-24T09:02:40
a907c2a4-e393-4f10-acd9-b073855ddf4d,68,370654.82,541,unemployed,553084.48,2026-05-14T08:37:16
ca85db88-1784-444f-9547-4ea1a3809855,36,435961.48,776,employed,531924.9,2026-01-29T21:08:57
5981973a-59aa-4268-a6ba-a22ec61357ed,34,167233.18,395,unemployed,309298.31,2026-05-07T12:07:01
d934bbc3-bdfd-402f-8f46-927cb3c26865,64,108556.73,332,self_employed,543716.19,2026-01-06T02:31:13
f97c2942-1076-415a-b71b-8e60255b0950,18,116448.68,304,unemployed,176745.31,2026-01-13T21:17:01
6d5772ad-1353-4117-87ee-e5fcfc590c88,68,262018.31,388,employed,309823.73,2026-04-01T04:19:22
103614b1-2c6a-49be-8dbb-10fdaf787c20,30,114333.39,763,self_employed,951049.77,2026-01-29T19:24:14
c207fa0e-805f-4d64-827f-3a62c9cf92b2,33,361055.49,485,employed,215286.44,2026-06-03T21:34:13
5f0d2d6d-280a-4dc3-bab8-0510f11b3d82,47,236786.69,309,unemployed,911691.81,2026-06-29T14:49:45
ea6b058c-9121-45c7-89be-6b52b1bcb6e6,42,260530.73,749,unemployed,401170.11,2026-02-06T15:10:19
8d1d7ef1-6c62-4baa-b9a2-73cd7e998acc,69,66953.77,408,unemployed,610064.03,2026-04-13T16:44:44
5cccc946-4b88-420d-9930-595427cd47a8,38,79941.11,310,unemployed,656445.12,2026-01-15T09:25:19
ffc8f8d1-f144-474b-a7c5-15c873507222,25,122249.87,733,self_employed,747064.35,2026-03-25T23:55:47
38ca7164-50a1-4cc0-ba96-7bf3fbe55ef5,24,282992.62,557,self_employed,281356.6,2026-06-28T22:04:33
fc4c899c-23f3-414c-8ec3-f3947ca7707b,64,311530.54,530,unemployed,820838.51,2026-05-14T04:55:56
dd7091de-2d85-47c3-94f6-d70aea268e37,47,176069.28,773,self_employed,252627.33,2026-05-09T11:47:13
bef1b831-f5b3-4609-8c9a-9cbeb1ea6187,50,141031.43,360,self_employed,420717.81,2026-06-21T07:28:30
776ea5c7-28a4-4e19-9c92-cf99777b452e,20,339737.3,552,employed,988079.17,2026-02-01T12:20:17
4c809ebd-ad07-432f-a7ee-0bb71c2d9543,62,55322.83,786,unemployed,598892.4,2026-03-30T08:29:17
166c902d-b8ed-40de-b3d8-baad17794aca,42,319593.83,477,employed,193.34,2026-04-05T20:18:48
b8166a47-02a4-467f-8cf1-2f62916f75c8,47,100897.05,377,self_employed,824770.3,2026-05-04T23:26:49
23196fd4-4441-4fc7-8ff6-42b3a251da15,25,236403.08,815,unemployed,294062.93,2026-06-26T08:17:43
85487784-9b68-4d87-92c7-a767f1d1ece1,21,188077.72,473,self_employed,354593.64,2026-04-24T13:59:48
7381b6a3-f52b-4cd9-8664-6a57967a2ddf,60,178805.09,821,employed,46528.07,2026-02-17T18:00:11
ffff04b4-42cb-4425-8954-e1c0aa66b1be,18,130633.34,793,unemployed,856962.36,2026-04-11T03:20:49
900614f8-7f0d-46ce-b3c3-b649b94ee71d,65,279434.65,711,employed,331584.91,2026-06-11T10:13:35
e4f8e4c1-e10f-439e-bde1-9c128afb57ee,44,293057.54,520,unemployed,651942.22,2026-06-06T03:13:34
bb89a997-00c2-45b8-a6c2-75ddf89a320a,27,150192.47,812,unemployed,166059.23,2026-01-09T02:32:44
441f880e-4708-40ad-99c6-96b49230d8ac,36,433245.84,715,employed,101128.0,2026-06-16T02:17:01
9e079a00-de0f-4c75-b968-cb087a355d50,30,279332.73,493,unemployed,827246.38,2026-03-25T23:38:53
f51f32e2-553f-468c-81c4-de630a705fc2,20,345755.68,713,unemployed,879993.99,2026-05-29T13:05:51
62018f08-b4be-4911-9d3b-e9638dd98054,38,95974.38,419,self_employed,565442.4,2026-04-03T03:53:24
a090c303-af5e-4307-add9-937c9fa3197b,65,260064.84,357,employed,620258.0,2026-03-05T09:46:42
1bd9ea0b-23c7-4e8b-873d-742d69006155,47,394802.44,813,unemployed,636962.14,2026-01-21T10:37:37
2ec7dc87-4010-4d53-9019-d49dd416d01b,26,213068.79,786,unemployed,468500.93,2026-01-19T04:03:41
ab836342-fae1-447c-8bc1-60d948e85418,41,175200.89,733,employed,888681.53,2026-02-23T02:19:07
3087f305-1ec8-451f-91f7-6f66f3283b59,55,200827.7,363,self_employed,862863.29,2026-05-03T21:42:53
50f442c5-d07d-46fe-b908-bb40a4c2cc96,54,364618.34,326,self_employed,337170.22,2026-03-23T15:43:40
c8d61c59-8f65-415d-abcc-2fe49c5dc8a0,49,194658.06,350,self_employed,466543.73,2026-04-25T04:14:46
6e260291-2d0b-4f92-88b1-4a661d342d0f,45,184953.23,707,self_employed,668669.03,2026-01-02T22:02:31
15e4cbbb-d165-4f2e-b893-f9b57d4c2058,21,168974.62,349,self_employed,81986.57,2026-03-31T11:17:54
0f5d3369-5447-4524-ae24-eac242a11a90,43,195652.45,323,employed,493479.55,2026-05-21T10:05:32
bad42883-7e5f-49d7-9be0-b1ebc6091390,35,187818.37,531,unemployed,880788.18,2026-05-05T19:15:10
85fcde37-1bb5-457f-a394-f967f64a1203,31,443946.17,427,self_employed,874057.83,2026-04-14T23:54:08
0fe6e913-761b-4209-9d87-f16202d3e00a,53,387218.55,528,self_employed,799137.36,2026-01-24T18:02:56
ee7dd3a9-e332-4670-8ec5-a4590b6259c6,21,446911.24,766,self_employed,150502.22,2026-05-23T06:12:28
851104ac-8725-4f83-b7be-1242b9d82664,27,395993.79,843,employed,543738.08,2026-04-17T04:51:09
6ae4ecbf-7904-4df5-95b4-2cc304944cd4,36,460314.52,452,unemployed,480923.22,2026-06-15T16:10:49
4786acf4-ed7e-4411-817a-d082e193ecd4,54,90638.3,411,employed,445780.29,2026-01-26T11:33:24
483e2b42-1df9-4d7e-bb58-5befe3f19df4,63,263537.71,455,self_employed,650942.33,2026-03-19T08:58:19
2765b8d2-ffce-4060-bd7c-fba050b6e324,34,44954.58,428,self_employed,38719.6,2026-03-16T19:49:47
191b8557-9407-4bda-a2f4-320e1fb7175e,18,201620.77,473,self_employed,250744.03,2026-01-30T04:19:49
d3aa7a52-e37c-4eb2-ab7e-1950b589a4e1,52,405177.45,412,employed,50369.42,2026-02-08T05:16:09
2450712b-86ef-4baa-b196-78439afa9d2c,45,224827.71,395,unemployed,143260.66,2026-05-02T16:22:28
41899420-229d-4fd6-bdee-7e138c08d74d,18,480243.44,731,employed,397023.24,2026-06-15T11:00:20
73eb3db0-9ab9-47c5-9004-4fed4d2559a9,65,26541.31,697,employed,375287.55,2026-01-27T03:08:54
23088455-0ba1-44b2-832f-6501ef8865e4,18,77863.71,590,self_employed,788503.63,2026-06-02T04:51:41
34faa1ef-4e6c-4627-8c38-a00848c0e7bb,58,184723.62,842,employed,143738.04,2026-02-09T06:56:04
48451880-496a-42a6-b0f1-214990cff716,41,156225.07,830,unemployed,319380.76,2026-06-17T19:56:53
c2d4d284-bc9d-4220-b89f-a3603fa9706f,40,139204.27,706,self_employed,564278.62,2026-05-23T04:10:26
3db47bdd-d372-42f8-af58-673ce07dc608,64,233197.81,354,unemployed,325908.66,2026-06-10T13:31:21
c322e891-aa87-4858-8cd5-412caccbd521,53,220502.52,695,self_employed,817980.49,2026-02-25T16:43:32
a429653e-946d-44ae-9579-47e1573deab0,43,299601.57,708,employed,137753.24,2026-06-16T00:00:39
d11bafc9-cfc7-403e-bcbd-8583a9462c83,52,469192.11,703,employed,425220.02,2026-04-19T06:18:10
b0e410b7-e13b-42ff-a339-2ef240af8eed,19,290446.23,429,unemployed,922915.26,2026-04-11T03:56:24
c06489fb-74ca-4ec5-ba63-0bf45de5f6b1,49,421367.38,834,employed,709363.69,2026-04-07T12:23:45
131b6c66-0661-4bd3-86f4-8efdc5ddf2f3,32,95207.54,521,self_employed,185375.97,2026-01-13T15:04:13
96d5df7a-17b4-4067-ac26-a13e214d2a82,34,68380.81,650,self_employed,560049.28,2026-05-01T15:57:02
1fb55396-f931-4f2f-91fe-856319904774,66,273642.34,395,employed,581163.36,2026-02-05T06:06:32
4b4df4b8-1eae-4776-9e9c-ef963863df08,67,293914.15,390,self_employed,265981.41,2026-06-16T17:25:09
a1e6a3c6-70b9-4136-ad67-9511e35eaccd,21,326453.35,498,unemployed,68601.97,2026-05-16T07:57:21
d25b8bae-9bc7-4fb6-bc10-8f15b8a692ee,33,215129.22,606,employed,835990.72,2026-04-19T09:24:57
7fd66141-dfaf-456a-9442-2957ee376ebe,35,88128.6,605,employed,734963.01,2026-05-08T06:31:19
6525fd17-59d9-4ff5-98eb-c005e3e6b427,41,92665.94,551,unemployed,852191.65,2026-05-07T15:33:43
b44ce959-fdb6-4aac-abf6-ca397869ba18,45,330368.64,427,self_employed,42133.98,2026-04-07T22:10:23
71fee056-22fd-43d0-9885-83609ce428e2,18,140445.71,824,unemployed,898724.63,2026-06-03T02:05:22
d3bdd68a-f29f-4e65-a2e2-c3de0942d734,21,389449.62,305,unemployed,432536.43,2026-01-26T08:58:21
77ea32c6-9b02-4780-997f-d1bcd072eb82,70,296245.91,700,employed,818653.52,2026-06-24T08:02:49
9ac2cdee-8fdc-40c1-bf41-215fe2048dfc,37,379050.81,520,employed,358695.48,2026-01-12T17:08:41
09e9cc5b-ff0f-4bad-80d2-dcd8714184bc,48,485652.57,553,unemployed,845383.76,2026-05-30T07:05:49
7fa7cd7a-2875-4f2a-b2ea-bae66afbd3c1,27,341455.13,792,self_employed,610738.17,2026-02-14T00:29:39
ce29f2cf-55ec-4d17-87c1-80e5555c650c,65,464765.66,520,employed,643288.0,2026-03-25T20:28:17
ef1a7ff8-0ee7-426d-a02d-9649aeea3547,29,120812.79,319,unemployed,635865.69,2026-04-27T07:32:54
86050410-034b-4c25-a730-abbe6ada7b53,43,68394.01,499,employed,347127.48,2026-05-14T03:10:41
c9bbbb0e-7c93-4432-ade7-bcc067af1aa7,70,251931.65,561,self_employed,42595.47,2026-01-17T15:16:57
ca324fd9-4adf-4f9c-8f99-29bc7f16b7fc,18,368244.89,453,self_employed,67534.25,2026-04-08T20:52:47
10673c2d-0b9c-423c-8842-c19e77d0fb9a,40,186248.78,474,employed,833396.36,2026-04-19T15:14:04
78c9490b-783e-49d1-b7a9-aac01c404971,55,276245.81,488,employed,289632.37,2026-03-02T09:00:53
0c218b74-9db5-4d6f-a1f4-bd1aa4dcb225,20,79650.49,721,unemployed,192159.09,2026-05-07T09:57:17
353095b2-c2c0-4811-83c5-f4c098293d44,34,465061.26,617,employed,138211.08,2026-03-31T23:14:37
6a0ff601-6350-4937-8810-e1e6389e7ed2,62,69825.94,437,unemployed,127288.23,2026-06-22T09:09:32
77a9eced-c5f1-4de2-bcf6-74e8341d3551,54,374386.38,626,unemployed,332989.76,2026-01-16T10:14:03
5203ae24-9608-4216-b4ae-77f7abd53444,26,275094.69,659,employed,57859.02,2026-02-15T16:01:10
3b2ee278-4d8a-413a-9bce-a290c2c932e2,28,278395.42,729,employed,620950.03,2026-05-17T03:36:38
75761368-cbb1-467f-a4df-0034142493be,46,263036.48,700,self_employed,53985.85,2026-05-14T01:29:16
7733e949-1e70-4fc3-8453-a917e0dae8bc,51,286469.19,408,self_employed,139521.29,2026-01-04T09:44:20
ee9dcc34-00fb-4e5d-bed0-94e3c748bbde,64,461781.58,496,unemployed,832236.09,2026-03-22T12:14:16
8c7df512-d55c-465b-bc19-11e59249d1ec,62,448397.64,795,employed,448570.24,2026-04-28T04:40:24
f8bb2543-84e5-4de9-9ef9-d86d830f0254,63,238702.81,326,employed,604789.26,2026-04-28T00:33:05
5432e6a0-6086-4d57-84b4-9ebf804adb63,41,209391.19,743,employed,551360.69,2026-03-02T15:53:38
9b3432c1-5745-4541-9c88-692e41c541f4,23,128368.33,746,employed,339056.14,2026-03-13T18:05:03
2d46a2cf-c977-40d4-8159-07206dbcb56b,34,168471.46,605,unemployed,503599.74,2026-01-13T22:20:12
629cb15e-0258-4c74-9f92-04e301b2f894,20,269284.97,408,unemployed,451548.09,2026-03-31T13:20:46
62f02bdc-f6fc-470a-8dc7-647fcb3ce94a,62,392571.65,445,self_employed,586830.05,2026-03-21T06:03:21
8fbe6cf8-0c40-44a7-9462-53f6d598cf6c,48,362137.48,420,unemployed,3080.98,2026-01-28T06:13:29
b96a7762-37f2-4f34-b1b7-faf70cf49254,47,458168.96,768,unemployed,243091.5,2026-02-02T10:02:42
b41550d1-6b4e-4b95-a7d4-cdad73a6c324,69,93415.42,598,employed,73735.88,2026-03-15T05:12:27
12d682f1-4ab0-4fe4-9193-78e9db9860af,39,405484.72,552,employed,630915.1,2026-04-29T15:14:22
46377586-b995-431b-aee3-2b9e13811176,35,231288.41,707,employed,107241.99,2026-01-10T00:16:13
a3d5d7a1-2b12-4b44-b28e-947391c18feb,52,83655.53,738,self_employed,885258.84,2026-01-18T08:42:46
705dd890-2799-4f17-a25a-1b4184822e34,48,238229.27,678,employed,70601.52,2026-06-11T01:13:31
c90c87b4-1e98-4d64-94ae-efabed51f454,28,56973.72,551,employed,638891.07,2026-06-03T05:29:19
5d6a6280-f7e5-42d9-b882-c905091abe21,69,176155.97,811,self_employed,103187.0,2026-05-07T20:42:37
d365c8f5-6820-481f-97be-b0557b8911fc,48,436153.44,728,unemployed,772319.65,2026-04-29T12:39:48
ec16306b-7909-47d5-a4db-282a6b46b2a2,34,280951.5,759,employed,448105.98,2026-04-18T20:15:34
5f58be01-812e-4989-befd-8bb6b9756f82,34,321866.54,500,employed,554075.82,2026-04-10T13:03:19
9debde37-6850-461a-847a-4defa34fe296,42,133618.25,394,self_employed,396271.93,2026-02-07T07:40:58
f8e852a0-a9fd-47b5-bb44-cbb88c9f8a8f,47,463623.99,319,self_employed,117827.21,2026-05-16T14:54:27
abebb72c-c164-4111-ac72-dec57ceaa22a,43,253127.05,764,self_employed,450146.4,2026-02-11T12:38:04
7b741b76-0ec9-4b4b-baae-10f758ac4275,26,342754.87,826,employed,602380.49,2026-03-06T14:51:43
4b64e9e9-cb47-4042-9596-206417b8a22c,41,497083.82,786,self_employed,991744.9,2026-05-09T00:00:03
4f2b5b05-5877-4717-be72-5c7a03588432,22,232848.72,306,unemployed,939054.41,2026-01-05T06:32:05
2f3a2e19-38f6-4d5d-ae72-a1fc672a027b,69,261317.48,676,employed,947768.92,2026-01-17T20:36:50
08f87532-0ffe-4351-a673-e1ad2fc6d53b,47,99872.78,624,self_employed,740909.2,2026-02-03T01:30:23
a6c55ea2-13b5-4022-b64c-ccf84ed41b2f,62,294129.34,420,employed,214447.13,2026-05-11T04:22:17
52956c39-01c0-4623-9dbe-3f4ca64f52b4,52,207878.07,669,unemployed,813683.51,2026-01-03T23:09:33
f4284316-f544-4464-b5e8-9df87d9bd530,48,365232.63,528,unemployed,867443.24,2026-06-09T02:55:14
b21a387a-3eaa-4076-89c4-f8d7d41b3c63,39,495010.81,658,unemployed,312010.63,2026-02-03T09:32:44
fafb7f74-a372-4503-8459-8737622b9010,34,474585.54,679,employed,289125.39,2026-03-14T16:03:41
fe147b5c-df8b-45e9-a29d-e3bbbba457f4,44,32804.88,327,employed,513171.13,2026-05-21T11:28:03
4055f6ef-2df3-4bd7-97a7-2019317e865c,70,227708.23,363,unemployed,223112.58,2026-04-03T04:28:49
debf24f0-f4fa-4e62-b277-433455e04d14,64,90853.3,834,unemployed,337948.87,2026-03-18T00:20:24
7e2cd6d7-1672-4351-ab88-b353c4d5edea,44,377510.92,701,unemployed,261902.45,2026-06-26T05:56:33
dbf4d63f-8b6b-49c0-b8ab-4a38b30723b0,43,213078.23,826,unemployed,905110.85,2026-04-15T02:47:11
468305f0-4a62-49e0-ba54-3c9a7fdbbe46,29,240609.36,838,employed,644994.36,2026-03-04T00:46:56
05f95e44-57f4-4805-96e4-eb4220f88831,43,409664.56,760,employed,872953.82,2026-06-10T07:03:47
72d04e70-cb2c-4f4c-94c4-cde2c32d0487,37,495939.35,300,unemployed,944926.18,2026-05-20T15:51:55
6c1b446d-b9dc-4aca-beb3-f1d297f4cbac,26,168734.97,518,employed,147557.87,2026-02-23T20:49:50
7abdae4e-e05e-4bec-a09e-1dd12e653670,18,418744.06,850,employed,799103.72,2026-06-11T08:17:29
2dd73547-1c9d-4786-9308-e08d1a4ba301,66,191747.87,703,unemployed,211256.65,2026-04-28T10:39:31
e30df9ea-fb0b-40e3-a949-8c58afd7f07e,65,462951.78,760,unemployed,545942.57,2026-01-25T12:25:16
5b40637c-3ff4-4f60-88b8-339e1cb1ec4f,19,323294.45,654,self_employed,378875.06,2026-05-19T05:44:26
dd7fe786-007a-4dd2-a5f9-0fa2123c13c3,41,149120.11,486,employed,901784.85,2026-06-21T21:20:46
1716e5da-cb62-4d46-92ec-2580a7c7aedd,19,124156.0,535,self_employed,551987.14,2026-06-08T14:37:26
bdfe8da7-d477-48df-9383-2508f4746b95,18,404675.7,449,self_employed,1873.62,2026-06-17T06:36:36
f747c375-33a5-4a06-a87c-29b51bced893,55,191245.64,677,unemployed,940882.24,2026-04-04T00:30:26
b932314d-5437-4400-aa43-46c88a42001b,56,320632.63,609,unemployed,376297.17,2026-01-13T13:27:10
00ffe271-f30e-4ec8-8b2e-745e8315f38e,42,219288.02,527,self_employed,939401.3,2026-02-01T22:21:23
e67dbf61-475b-4a6a-99de-f31eeed3e75b,37,20030.83,724,unemployed,783791.31,2026-06-29T02:16:04
ad90f486-e75e-4ba2-92d3-1871ccdc321f,35,156010.53,690,self_employed,933027.74,2026-05-04T06:39:14
5a9a1a7d-e920-4c8c-892b-bc761c623d17,39,242928.49,528,unemployed,380109.39,2026-04-19T01:50:20
75d8996d-0eac-4f81-a5d4-833b29f7adf8,45,358748.88,409,self_employed,400033.75,2026-02-25T09:40:19
9b8226fc-fa4b-41dc-aa99-c5c0ef0043b0,18,106306.05,514,employed,677891.3,2026-06-26T07:37:12
9299178a-6a66-4c77-83f1-872cb454fe34,28,451383.02,614,employed,114066.78,2026-01-04T09:19:42
2d6bfe80-de0c-4909-a3b9-f036ef1f63d8,60,179656.57,369,self_employed,2665.94,2026-01-07T00:14:44
ff6127a6-13be-44d9-8ae2-022af4a77076,34,266105.83,531,employed,390933.14,2026-01-22T05:29:18
04e83a48-2c93-4c86-9539-abf7206135bb,69,222801.05,461,employed,436971.69,2026-01-26T18:49:14
0da4028e-4cac-4283-881c-039b6afaef6e,61,352151.17,636,unemployed,807626.86,2026-05-11T19:47:11
858f6e00-c8fe-4479-bac0-5435362f983e,33,163172.52,314,self_employed,790278.46,2026-02-04T18:36:08
04692a3d-51a0-41b9-beec-f92e43e5c237,25,363448.58,701,unemployed,46191.23,2026-05-01T03:24:27
c5ad4097-2d95-4a37-9ddf-328cd498f333,56,135468.43,790,self_employed,813619.25,2026-04-10T17:38:47
492675a9-6ea3-4d82-af18-2fd2e1ec1ceb,46,307712.77,729,self_employed,650304.57,2026-02-07T19:49:46
316ccf94-c94a-471b-8dfa-67e1d7ef82a0,30,231856.98,786,unemployed,401743.99,2026-03-27T06:50:53
4935d95e-558f-46c5-9c98-80cae7780206,22,458937.73,506,unemployed,532445.98,2026-05-26T21:02:51
ac33f02c-a4ad-4c6e-9902-4391e53d8b3f,65,87158.98,577,self_employed,13236.87,2026-05-15T22:45:50
6999cc43-626c-48a9-b179-29b03bbcef3c,38,33776.42,742,unemployed,855982.21,2026-01-04T18:15:36
babfcee8-f49b-4111-aaac-5fc342f14b21,24,172425.3,609,unemployed,437526.65,2026-02-11T06:44:38
f71aeee0-8c6e-4d7a-9fbd-17bce3c30be4,48,99251.62,500,employed,186439.2,2026-01-24T01:25:25
d4326d17-2c92-4012-87c4-ef5320b36513,67,49839.85,489,unemployed,107153.22,2026-01-12T06:11:28
538b9e23-f0d1-4c12-838f-5f34628ea6df,63,335881.01,794,employed,179257.14,2026-06-16T21:49:13
5b5a1c18-f308-49ac-9623-35a328fbb31a,25,263457.31,717,employed,856465.23,2026-02-01T17:48:45
